Workbook

Sheet PG Summary
A1: Asterknight — Summary
A2: All values calculate from the Matches tab.
A3: Stat | B3: Value
A4: Games | B4: =COUNTA('PG Matches'!$D$5:$D$1000)
A5: Wins | B5: =COUNTIF('PG Matches'!$G$5:$G$1000,"W")
A6: Losses | B6: =COUNTIF('PG Matches'!$G$5:$G$1000,"L")
A7: Win rate | B7: =IF(B4=0,0,B5/B4)
A8: Total killing blows | B8: =SUM('PG Matches'!$J$5:$J$1000)
A9: Total player0354 kills | B9: =SUM('PG Matches'!$K$5:$K$1000)
A10: Total damage (M) | B10: =SUM('PG Matches'!$M$5:$M$1000)
A11: Total healing (M) | B11: =SUM('PG Matches'!$N$5:$N$1000)
A12: Avg killing blows | B12: =AVERAGE('PG Matches'!$J$5:$J$1000)
A13: Avg player0354 kills | B13: =AVERAGE('PG Matches'!$K$5:$K$1000)
A14: Avg damage per game (M) | B14: =AVERAGE('PG Matches'!$M$5:$M$1000)
A15: Avg healing per game (M) | B15: =AVERAGE('PG Matches'!$N$5:$N$1000)
A16: Damage per minute (M), games with duration | B16: =SUMIFS('PG Matches'!$M$5:$M$1000,'PG Matches'!$F$5:$F$1000,">0")/(SUM('PG Matches'!$F$5:$F$1000)*1440)
A17: Best damage (M) | B17: =MAX('PG Matches'!$M$5:$M$1000)
A18: Best killing blows | B18: =MAX('PG Matches'!$J$5:$J$1000)
A19: Best player0354 kills | B19: =MAX('PG Matches'!$K$5:$K$1000)
A20: Games with deaths tracked | B20: =COUNT('PG Matches'!$L$5:$L$1000)
A21: Avg deaths (tracked games) | B21: =IF(B20=0,"",AVERAGE('PG Matches'!$L$5:$L$1000))
A22: Total honor | B22: =SUM('PG Matches'!$P$5:$P$1000)
A25: By map type
A26: Map type | B26: Games | C26: Wins | D26: Win rate | E26: Avg damage (M) | F26: Damage / min (M) | G26: Avg HKs
A27: Bases | B27: =COUNTIF('PG Matches'!$E$5:$E$1000,A27) | C27: =COUNTIFS('PG Matches'!$E$5:$E$1000,A27,'PG Matches'!$G$5:$G$1000,"W") | D27: =IF(B27=0,"",C27/B27) | E27: =IF(B27=0,"",SUMIFS('PG Matches'!$M$5:$M$1000,'PG Matches'!$E$5:$E$1000,A27)/B27) | F27: =IF(SUMIFS('PG Matches'!$F$5:$F$1000,'PG Matches'!$E$5:$E$1000,A27)=0,"",SUMIFS('PG Matches'!$M$5:$M$1000,'PG Matches'!$E$5:$E$1000,A27,'PG Matches'!$F$5:$F$1000,">0")/(SUMIFS('PG Matches'!$F$5:$F$1000,'PG Matches'!$E$5:$E$1000,A27)*1440)) | G27: =IF(B27=0,"",SUMIFS('PG Matches'!$K$5:$K$1000,'PG Matches'!$E$5:$E$1000,A27)/B27)
A28: Flag | B28: =COUNTIF('PG Matches'!$E$5:$E$1000,A28) | C28: =COUNTIFS('PG Matches'!$E$5:$E$1000,A28,'PG Matches'!$G$5:$G$1000,"W") | D28: =IF(B28=0,"",C28/B28) | E28: =IF(B28=0,"",SUMIFS('PG Matches'!$M$5:$M$1000,'PG Matches'!$E$5:$E$1000,A28)/B28) | F28: =IF(SUMIFS('PG Matches'!$F$5:$F$1000,'PG Matches'!$E$5:$E$1000,A28)=0,"",SUMIFS('PG Matches'!$M$5:$M$1000,'PG Matches'!$E$5:$E$1000,A28,'PG Matches'!$F$5:$F$1000,">0")/(SUMIFS('PG Matches'!$F$5:$F$1000,'PG Matches'!$E$5:$E$1000,A28)*1440)) | G28: =IF(B28=0,"",SUMIFS('PG Matches'!$K$5:$K$1000,'PG Matches'!$E$5:$E$1000,A28)/B28)
A29: Flag + Bases | B29: =COUNTIF('PG Matches'!$E$5:$E$1000,A29) | C29: =COUNTIFS('PG Matches'!$E$5:$E$1000,A29,'PG Matches'!$G$5:$G$1000,"W") | D29: =IF(B29=0,"",C29/B29) | E29: =IF(B29=0,"",SUMIFS('PG Matches'!$M$5:$M$1000,'PG Matches'!$E$5:$E$1000,A29)/B29) | F29: =IF(SUMIFS('PG Matches'!$F$5:$F$1000,'PG Matches'!$E$5:$E$1000,A29)=0,"",SUMIFS('PG Matches'!$M$5:$M$1000,'PG Matches'!$E$5:$E$1000,A29,'PG Matches'!$F$5:$F$1000,">0")/(SUMIFS('PG Matches'!$F$5:$F$1000,'PG Matches'!$E$5:$E$1000,A29)*1440)) | G29: =IF(B29=0,"",SUMIFS('PG Matches'!$K$5:$K$1000,'PG Matches'!$E$5:$E$1000,A29)/B29)
A30: Orbs | B30: =COUNTIF('PG Matches'!$E$5:$E$1000,A30) | C30: =COUNTIFS('PG Matches'!$E$5:$E$1000,A30,'PG Matches'!$G$5:$G$1000,"W") | D30: =IF(B30=0,"",C30/B30) | E30: =IF(B30=0,"",SUMIFS('PG Matches'!$M$5:$M$1000,'PG Matches'!$E$5:$E$1000,A30)/B30) | F30: =IF(SUMIFS('PG Matches'!$F$5:$F$1000,'PG Matches'!$E$5:$E$1000,A30)=0,"",SUMIFS('PG Matches'!$M$5:$M$1000,'PG Matches'!$E$5:$E$1000,A30,'PG Matches'!$F$5:$F$1000,">0")/(SUMIFS('PG Matches'!$F$5:$F$1000,'PG Matches'!$E$5:$E$1000,A30)*1440)) | G30: =IF(B30=0,"",SUMIFS('PG Matches'!$K$5:$K$1000,'PG Matches'!$E$5:$E$1000,A30)/B30)
A31: Carts | B31: =COUNTIF('PG Matches'!$E$5:$E$1000,A31) | C31: =COUNTIFS('PG Matches'!$E$5:$E$1000,A31,'PG Matches'!$G$5:$G$1000,"W") | D31: =IF(B31=0,"",C31/B31) | E31: =IF(B31=0,"",SUMIFS('PG Matches'!$M$5:$M$1000,'PG Matches'!$E$5:$E$1000,A31)/B31) | F31: =IF(SUMIFS('PG Matches'!$F$5:$F$1000,'PG Matches'!$E$5:$E$1000,A31)=0,"",SUMIFS('PG Matches'!$M$5:$M$1000,'PG Matches'!$E$5:$E$1000,A31,'PG Matches'!$F$5:$F$1000,">0")/(SUMIFS('PG Matches'!$F$5:$F$1000,'PG Matches'!$E$5:$E$1000,A31)*1440)) | G31: =IF(B31=0,"",SUMIFS('PG Matches'!$K$5:$K$1000,'PG Matches'!$E$5:$E$1000,A31)/B31)
A32: Azerite | B32: =COUNTIF('PG Matches'!$E$5:$E$1000,A32) | C32: =COUNTIFS('PG Matches'!$E$5:$E$1000,A32,'PG Matches'!$G$5:$G$1000,"W") | D32: =IF(B32=0,"",C32/B32) | E32: =IF(B32=0,"",SUMIFS('PG Matches'!$M$5:$M$1000,'PG Matches'!$E$5:$E$1000,A32)/B32) | F32: =IF(SUMIFS('PG Matches'!$F$5:$F$1000,'PG Matches'!$E$5:$E$1000,A32)=0,"",SUMIFS('PG Matches'!$M$5:$M$1000,'PG Matches'!$E$5:$E$1000,A32,'PG Matches'!$F$5:$F$1000,">0")/(SUMIFS('PG Matches'!$F$5:$F$1000,'PG Matches'!$E$5:$E$1000,A32)*1440)) | G32: =IF(B32=0,"",SUMIFS('PG Matches'!$K$5:$K$1000,'PG Matches'!$E$5:$E$1000,A32)/B32)
A33: Epic | B33: =COUNTIF('PG Matches'!$E$5:$E$1000,A33) | C33: =COUNTIFS('PG Matches'!$E$5:$E$1000,A33,'PG Matches'!$G$5:$G$1000,"W") | D33: =IF(B33=0,"",C33/B33) | E33: =IF(B33=0,"",SUMIFS('PG Matches'!$M$5:$M$1000,'PG Matches'!$E$5:$E$1000,A33)/B33) | F33: =IF(SUMIFS('PG Matches'!$F$5:$F$1000,'PG Matches'!$E$5:$E$1000,A33)=0,"",SUMIFS('PG Matches'!$M$5:$M$1000,'PG Matches'!$E$5:$E$1000,A33,'PG Matches'!$F$5:$F$1000,">0")/(SUMIFS('PG Matches'!$F$5:$F$1000,'PG Matches'!$E$5:$E$1000,A33)*1440)) | G33: =IF(B33=0,"",SUMIFS('PG Matches'!$K$5:$K$1000,'PG Matches'!$E$5:$E$1000,A33)/B33)

Sheet PG Matches
A1: Asterknight — Battleground Match Log
A2: Blue = entered data · Black = formulas · Green rows = wins, red rows = losses. See the Guide tab to add matches.
A4: Game # | B4: Date | C4: Time | D4: Battleground | E4: Map type | F4: Duration | G4: Result | H4: Our score | I4: Enemy score | J4: KB | K4: HK | L4: Deaths | M4: Damage (M) | N4: Healing (M) | O4: Damage / min (M) | P4: Honor | Q4: Conquest | R4: Role | S4: Bases assaulted | T4: Bases defended | U4: Flag captures | V4: Flag returns | W4: Carts controlled | X4: Orb possessions | Y4: Victory points | Z4: Top Horde damage (M) | AA4: Damage share | AB4: Data source | AC4: Notes | AD4: Horde deaths | AE4: Alliance deaths | AF4: Healers (Horde vs Alliance) | AG4: Horde healing (M) | AH4: Alliance healing (M) | AI4: Premade on mains? | AJ4: Teammates on mains
A5: 1 | B5: 47772 | C5: 10:59 AM | D5: The Battle for Gilneas | E5: Bases | F5: 0.0097222222 | G5: L | J5: 7 | K5: 1 | M5: 4.226227 | N5: 1.286207 | O5: =IF(OR(F5="",F5=0),"",M5/(F5*1440)) | P5: 430 | AA5: =IF(Z5="","",M5/Z5) | AB5: REFlex
A6: 2 | B6: 47772 | C6: 08:01 PM | D6: Silvershard Mines | E6: Carts | F6: 0.0048611111 | G6: W | J6: 4 | K6: 1 | M6: 13.734027 | N6: 7.571767 | O6: =IF(OR(F6="",F6=0),"",M6/(F6*1440)) | P6: 755 | AA6: =IF(Z6="","",M6/Z6) | AB6: REFlex
A7: 3 | B7: 47773 | C7: 09:13 AM | D7: The Battle for Gilneas | E7: Bases | F7: 0.0074652778 | G7: L | J7: 7 | K7: 10 | M7: 24.228227 | N7: 12.147567 | O7: =IF(OR(F7="",F7=0),"",M7/(F7*1440)) | P7: 513 | AA7: =IF(Z7="","",M7/Z7) | AB7: REFlex
A8: 4 | B8: 47773 | C8: 09:51 AM | D8: Eye of the Storm | E8: Flag + Bases | F8: 0.004525463 | G8: L | J8: 0 | K8: 9 | M8: 11.816027 | N8: 11.133767 | O8: =IF(OR(F8="",F8=0),"",M8/(F8*1440)) | P8: 322 | AA8: =IF(Z8="","",M8/Z8) | AB8: REFlex
A9: 5 | B9: 47773 | C9: 10:09 AM | D9: Eye of the Storm | E9: Flag + Bases | F9: 0.0097453704 | G9: W | J9: 0 | K9: 9 | M9: 20.940227 | N9: 14.010767 | O9: =IF(OR(F9="",F9=0),"",M9/(F9*1440)) | P9: 1541 | AA9: =IF(Z9="","",M9/Z9) | AB9: REFlex | AC9: Synthetic example
A10: 6 | B10: 47773 | C10: 10:24 AM | D10: Deephaul Ravine | E10: Carts | F10: 0.0075347222 | G10: W | J10: 0 | K10: 2 | M10: 28.256027 | N10: 19.901767 | O10: =IF(OR(F10="",F10=0),"",M10/(F10*1440)) | P10: 1205 | AA10: =IF(Z10="","",M10/Z10) | AB10: REFlex
A11: 7 | B11: 47773 | C11: 10:43 AM | D11: Silvershard Mines | E11: Carts | F11: 0.0049768519 | G11: L | J11: 0 | K11: 0 | M11: 10.226827 | N11: 10.366567 | O11: =IF(OR(F11="",F11=0),"",M11/(F11*1440)) | P11: 363 | AA11: =IF(Z11="","",M11/Z11) | AB11: REFlex | AC11: Synthetic example
A12: 8 | B12: 47773 | C12: 11:04 AM | D12: Eye of the Storm | E12: Flag + Bases | F12: 0.011886574 | G12: L | J12: 10 | K12: 8 | M12: 40.586027 | N12: 18.613967 | O12: =IF(OR(F12="",F12=0),"",M12/(F12*1440)) | P12: 756 | AA12: =IF(Z12="","",M12/Z12) | AB12: REFlex | AC12: Synthetic example
A13: 9 | B13: 47773 | C13: 04:54 PM | D13: The Battle for Gilneas | E13: Bases | F13: 0.0076967593 | G13: W | J13: 7 | K13: 4 | M13: 27.105227 | N13: 12.969567 | O13: =IF(OR(F13="",F13=0),"",M13/(F13*1440)) | P13: 1093 | AA13: =IF(Z13="","",M13/Z13) | AB13: REFlex
A14: 10 | B14: 47773 | C14: 05:09 PM | D14: Silvershard Mines | E14: Carts | F14: 0.0064351852 | G14: L | H14: 1049 | I14: 1517 | J14: 2 | K14: 2 | L14: 2 | M14: 11.870827 | N14: 12.065367 | O14: =IF(OR(F14="",F14=0),"",M14/(F14*1440)) | P14: 594 | Q14: 0 | R14: Team fights | W14: 20 | Z14: 33 | AA14: =IF(Z14="","",M14/Z14) | AB14: REFlex + scoreboard | AC14: Synthetic example | AI14: Yes | AJ14: 2 of 3 (visible roster)
A15: 11 | B15: 47773 | C15: 05:24 PM | D15: The Battle for Gilneas | E15: Bases | F15: 0.0043287037 | G15: W | J15: 4 | K15: 8 | M15: 6.363427 | N15: 3.598767 | O15: =IF(OR(F15="",F15=0),"",M15/(F15*1440)) | P15: 1047 | AA15: =IF(Z15="","",M15/Z15) | AB15: REFlex
A16: 12 | B16: 47773 | C16: 05:51 PM | D16: Arathi Basin | E16: Bases | F16: 0.008900463 | G16: W | J16: 7 | K16: 10 | M16: 17.789227 | N16: 13.736767 | O16: =IF(OR(F16="",F16=0),"",M16/(F16*1440)) | P16: 950 | AA16: =IF(Z16="","",M16/Z16) | AB16: REFlex
A17: 13 | B17: 47773 | C17: 06:11 PM | D17: Seething Shore | E17: Azerite | F17: 0.0077314815 | G17: L | J17: 0 | K17: 0 | M17: 36.722627 | N17: 16.010967 | O17: =IF(OR(F17="",F17=0),"",M17/(F17*1440)) | P17: 322 | AA17: =IF(Z17="","",M17/Z17) | AB17: REFlex
A18: 14 | B18: 47773 | C18: 06:33 PM | D18: Arathi Basin | E18: Bases | F18: 0.0092013889 | G18: L | H18: 841 | I18: 1517 | J18: 4 | K18: 1 | L18: 4 | M18: 25.981827 | N18: 18.860567 | O18: =IF(OR(F18="",F18=0),"",M18/(F18*1440)) | P18: 373 | Q18: 0 | R18: Base defense | S18: 0 | T18: 0 | Z18: 58 | AA18: =IF(Z18="","",M18/Z18) | AB18: REFlex + scoreboard | AC18: Synthetic example | AI18: No | AJ18: 1 of 1 (visible roster)
A19: 15 | B19: 47773 | C19: 06:54 PM | D19: Deepwind Gorge | E19: Bases | F19: 0.0091203704 | G19: L | H19: 900 | I19: 1517 | J19: 0 | K19: 6 | L19: 5 | M19: 24.940627 | N19: 10.476167 | O19: =IF(OR(F19="",F19=0),"",M19/(F19*1440)) | P19: 344 | Q19: 0 | R19: Base defense | S19: 18 | T19: 0 | Z19: 35 | AA19: =IF(Z19="","",M19/Z19) | AB19: REFlex + scoreboard | AC19: Synthetic example | AI19: No | AJ19: 1 of 1 (visible roster)
A20: 16 | B20: 47773 | C20: 07:09 PM | D20: Twin Peaks | E20: Flag | F20: 0.0071990741 | G20: W | H20: 20 | I20: 0 | J20: 0 | K20: 3 | L20: 4 | M20: 14.008027 | N20: 11.270767 | O20: =IF(OR(F20="",F20=0),"",M20/(F20*1440)) | P20: 704 | Q20: 35 | R20: Flag carrier | U20: 19 | V20: 0 | Z20: 44 | AA20: =IF(Z20="","",M20/Z20) | AB20: REFlex + scoreboard | AC20: Synthetic example | AI20: No | AJ20: 1 of 1 (visible roster)
A21: 17 | B21: 47773 | C21: 07:27 PM | D21: Deephaul Ravine | E21: Carts | F21: 0.0058101852 | G21: L | J21: 10 | K21: 4 | M21: 24.694027 | N21: 8.832167 | O21: =IF(OR(F21="",F21=0),"",M21/(F21*1440)) | P21: 211 | AA21: =IF(Z21="","",M21/Z21) | AB21: REFlex
A22: 18 | B22: 47774 | C22: 09:17 AM | D22: Deephaul Ravine | E22: Carts | F22: 0.005150463 | G22: W | J22: 10 | K22: 0 | M22: 29.324627 | N22: 7.900567 | O22: =IF(OR(F22="",F22=0),"",M22/(F22*1440)) | P22: 1024 | AA22: =IF(Z22="","",M22/Z22) | AB22: REFlex
A23: 19 | B23: 47774 | C23: 09:38 AM | D23: Eye of the Storm | E23: Flag + Bases | F23: 0.0077199074 | G23: L | J23: 4 | K23: 1 | M23: 27.488827 | N23: 18.833167 | O23: =IF(OR(F23="",F23=0),"",M23/(F23*1440)) | P23: 242 | AA23: =IF(Z23="","",M23/Z23) | AB23: REFlex | AC23: Synthetic example
A24: 20 | B24: 47774 | C24: 09:52 AM | D24: Eye of the Storm | E24: Flag + Bases | F24: 0.0071643519 | G24: L | J24: 7 | K24: 0 | M24: 22.063627 | N24: 18.997567 | O24: =IF(OR(F24="",F24=0),"",M24/(F24*1440)) | P24: 285 | AA24: =IF(Z24="","",M24/Z24) | AB24: REFlex | AC24: Synthetic example
A25: 21 | B25: 47774 | C25: 10:20 AM | D25: Ashran | E25: Epic | F25: 0.015127315 | G25: W | J25: 4 | K25: 5 | M25: 71.191827 | N25: 36.560967 | O25: =IF(OR(F25="",F25=0),"",M25/(F25*1440)) | P25: 1659 | AA25: =IF(Z25="","",M25/Z25) | AB25: REFlex
A26: 22 | B26: 47774 | C26: 10:38 AM | D26: The Battle for Gilneas | E26: Bases | F26: 0.0025231481 | G26: L | J26: 0 | K26: 0 | M26: 18.392027 | N26: 6.064767 | O26: =IF(OR(F26="",F26=0),"",M26/(F26*1440)) | P26: 249 | AA26: =IF(Z26="","",M26/Z26) | AB26: REFlex | AC26: Synthetic example
A27: 23 | B27: 47774 | C27: 11:00 AM | D27: Eye of the Storm | E27: Flag + Bases | F27: 0.011261574 | G27: L | J27: 7 | K27: 4 | M27: 54.861427 | N27: 14.312167 | O27: =IF(OR(F27="",F27=0),"",M27/(F27*1440)) | P27: 652 | AA27: =IF(Z27="","",M27/Z27) | AB27: REFlex
A28: 24 | B28: 47774 | C28: 11:17 AM | D28: Eye of the Storm | E28: Flag + Bases | F28: 0.0081597222 | G28: W | J28: 10 | K28: 10 | M28: 21.241627 | N28: 12.120167 | O28: =IF(OR(F28="",F28=0),"",M28/(F28*1440)) | P28: 931 | AA28: =IF(Z28="","",M28/Z28) | AB28: REFlex | AC28: Synthetic example
A29: 25 | B29: 47774 | C29: 11:29 AM | D29: Temple of Kotmogu | E29: Orbs | F29: 0.0045023148 | G29: L | J29: 7 | K29: 6 | M29: 17.898827 | N29: 12.805167 | O29: =IF(OR(F29="",F29=0),"",M29/(F29*1440)) | P29: 341 | AA29: =IF(Z29="","",M29/Z29) | AB29: REFlex
A30: 26 | B30: 47774 | C30: 11:43 AM | D30: Deephaul Ravine | E30: Carts | F30: 0.0040277778 | G30: L | J30: 0 | K30: 0 | M30: 3.157627 | N30: 4.722167 | O30: =IF(OR(F30="",F30=0),"",M30/(F30*1440)) | P30: 252 | AA30: =IF(Z30="","",M30/Z30) | AB30: REFlex | AC30: Synthetic example
A31: 27 | B31: 47774 | C31: 12:02 PM | D31: Twin Peaks | E31: Flag | F31: 0.0082986111 | G31: W | J31: 4 | K31: 9 | M31: 40.449027 | N31: 13.791567 | O31: =IF(OR(F31="",F31=0),"",M31/(F31*1440)) | P31: 1010 | AA31: =IF(Z31="","",M31/Z31) | AB31: REFlex
A32: 28 | B32: 47774 | C32: 12:25 PM | D32: Silvershard Mines | E32: Carts | F32: 0.0075810185 | G32: L | J32: 2 | K32: 3 | M32: 40.394227 | N32: 17.326167 | O32: =IF(OR(F32="",F32=0),"",M32/(F32*1440)) | P32: 584 | AA32: =IF(Z32="","",M32/Z32) | AB32: REFlex
A33: 29 | B33: 47774 | C33: 01:36 PM | D33: Deepwind Gorge | E33: Bases | F33: 0.011099537 | G33: W | J33: 4 | K33: 7 | M33: 25.872227 | N33: 7.352567 | O33: =IF(OR(F33="",F33=0),"",M33/(F33*1440)) | P33: 837 | AA33: =IF(Z33="","",M33/Z33) | AB33: REFlex
A34: 30 | B34: 47774 | C34: 01:57 PM | D34: The Battle for Gilneas | E34: Bases | F34: 0.0049652778 | G34: W | J34: 2 | K34: 7 | M34: 22.365027 | N34: 7.571767 | O34: =IF(OR(F34="",F34=0),"",M34/(F34*1440)) | P34: 945 | AA34: =IF(Z34="","",M34/Z34) | AB34: REFlex
A35: 31 | B35: 47774 | C35: 02:16 PM | D35: Arathi Basin | E35: Bases | F35: 0.010648148 | G35: L | J35: 10 | K35: 6 | M35: 23.515827 | N35: 18.531767 | O35: =IF(OR(F35="",F35=0),"",M35/(F35*1440)) | P35: 664 | AA35: =IF(Z35="","",M35/Z35) | AB35: REFlex
A36: 32 | B36: 47774 | C36: 02:30 PM | D36: Deephaul Ravine | E36: Carts | F36: 0.0050231481 | G36: L | J36: 0 | K36: 10 | M36: 22.008827 | N36: 5.982567 | O36: =IF(OR(F36="",F36=0),"",M36/(F36*1440)) | P36: 305 | AA36: =IF(Z36="","",M36/Z36) | AB36: REFlex
A37: 33 | B37: 47774 | C37: 02:49 PM | D37: Arathi Basin | E37: Bases | F37: 0.0092013889 | G37: L | H37: 816 | I37: 1517 | J37: 4 | K37: 3 | L37: 8 | M37: 32.612627 | N37: 17.298767 | O37: =IF(OR(F37="",F37=0),"",M37/(F37*1440)) | P37: 505 | Q37: 0 | R37: Base defense | S37: 18 | T37: 18 | Z37: 45 | AA37: =IF(Z37="","",M37/Z37) | AB37: REFlex + scoreboard | AC37: Synthetic example | AI37: No | AJ37: 1 of 1 (visible roster)
A38: 34 | B38: 47774 | C38: 03:00 PM | D38: Seething Shore | E38: Azerite | F38: 0.0038657407 | G38: L | J38: 0 | K38: 0 | M38: 9.048627 | N38: 8.284167 | O38: =IF(OR(F38="",F38=0),"",M38/(F38*1440)) | P38: 230 | AA38: =IF(Z38="","",M38/Z38) | AB38: REFlex | AC38: Synthetic example
A39: 35 | B39: 47774 | C39: 03:19 PM | D39: Deepwind Gorge | E39: Bases | F39: 0.0093865741 | G39: W | J39: 10 | K39: 2 | M39: 31.790627 | N39: 15.353367 | O39: =IF(OR(F39="",F39=0),"",M39/(F39*1440)) | P39: 887 | AA39: =IF(Z39="","",M39/Z39) | AB39: REFlex
A40: 36 | B40: 47774 | C40: 03:41 PM | D40: The Battle for Gilneas | E40: Bases | F40: 0.0093055556 | G40: L | J40: 0 | K40: 2 | M40: 9.733627 | N40: 8.448567 | O40: =IF(OR(F40="",F40=0),"",M40/(F40*1440)) | P40: 508 | AA40: =IF(Z40="","",M40/Z40) | AB40: REFlex
A41: 37 | B41: 47774 | C41: 03:56 PM | D41: The Battle for Gilneas | E41: Bases | F41: 0.0069212963 | G41: W | J41: 7 | K41: 2 | M41: 7.651227 | N41: 6.201767 | O41: =IF(OR(F41="",F41=0),"",M41/(F41*1440)) | P41: 927 | AA41: =IF(Z41="","",M41/Z41) | AB41: REFlex
A42: 38 | B42: 47774 | C42: 04:17 PM | D42: Arathi Basin | E42: Bases | F42: 0.009849537 | G42: W | J42: 10 | K42: 0 | M42: 26.009227 | N42: 8.749967 | O42: =IF(OR(F42="",F42=0),"",M42/(F42*1440)) | P42: 1010 | AA42: =IF(Z42="","",M42/Z42) | AB42: REFlex
A43: 39 | B43: 47774 | C43: 04:29 PM | D43: Silvershard Mines | E43: Carts | F43: 0.0042592593 | G43: L | J43: 0 | K43: 2 | M43: 9.788427 | N43: 7.462167 | O43: =IF(OR(F43="",F43=0),"",M43/(F43*1440)) | P43: 267 | AA43: =IF(Z43="","",M43/Z43) | AB43: REFlex
A44: 40 | B44: 47774 | C44: 04:41 PM | D44: Temple of Kotmogu | E44: Orbs | F44: 0.0038657407 | G44: L | J44: 0 | K44: 10 | M44: 6.062027 | N44: 4.886567 | O44: =IF(OR(F44="",F44=0),"",M44/(F44*1440)) | P44: 294 | AA44: =IF(Z44="","",M44/Z44) | AB44: REFlex
A45: 41 | B45: 47774 | C45: 05:00 PM | D45: Twin Peaks | E45: Flag | F45: 0.0065162037 | G45: W | J45: 8 | K45: 2 | M45: 14.062827 | N45: 7.297767 | O45: =IF(OR(F45="",F45=0),"",M45/(F45*1440)) | P45: 1124 | AA45: =IF(Z45="","",M45/Z45) | AB45: REFlex
A46: 42 | B46: 47774 | C46: 05:16 PM | D46: Deephaul Ravine | E46: Carts | F46: 0.0054398148 | G46: L | J46: 4 | K46: 8 | M46: 21.132027 | N46: 10.722767 | O46: =IF(OR(F46="",F46=0),"",M46/(F46*1440)) | P46: 360 | AA46: =IF(Z46="","",M46/Z46) | AB46: REFlex
A47: 43 | B47: 47774 | C47: 05:45 PM | D47: Deepwind Gorge | E47: Bases | F47: 0.010266204 | G47: W | J47: 0 | K47: 10 | M47: 25.324227 | N47: 10.530967 | O47: =IF(OR(F47="",F47=0),"",M47/(F47*1440)) | P47: 836 | AA47: =IF(Z47="","",M47/Z47) | AB47: REFlex
A48: 44 | B48: 47774 | C48: 06:10 PM | D48: The Battle for Gilneas | E48: Bases | F48: 0.011655093 | G48: L | J48: 4 | K48: 1 | M48: 38.366627 | N48: 21.819767 | O48: =IF(OR(F48="",F48=0),"",M48/(F48*1440)) | P48: 707 | AA48: =IF(Z48="","",M48/Z48) | AB48: REFlex
A49: 45 | B49: 47774 | C49: 07:13 PM | D49: Warsong Gulch | E49: Flag | F49: 0.0052893519 | G49: W | J49: 4 | K49: 3 | M49: 2.028747 | N49: 4.502967 | O49: =IF(OR(F49="",F49=0),"",M49/(F49*1440)) | P49: 976 | AA49: =IF(Z49="","",M49/Z49) | AB49: REFlex
A50: 46 | B50: 47774 | C50: 07:28 PM | D50: Temple of Kotmogu | E50: Orbs | F50: 0.0078587963 | G50: W | H50: 1517 | I50: 1189 | J50: 4 | K50: 7 | L50: 0 | M50: 19.871627 | N50: 14.257367 | O50: =IF(OR(F50="",F50=0),"",M50/(F50*1440)) | P50: 822 | Q50: 35 | R50: Orb carrier | X50: 21 | Y50: 267 | Z50: 57 | AA50: =IF(Z50="","",M50/Z50) | AB50: REFlex + scoreboard | AC50: Synthetic example | AI50: No | AJ50: 0 of 2 (visible roster)
A51: 47 | B51: 47775 | C51: 06:25 PM | D51: The Battle for Gilneas | E51: Bases | F51: 0.0060532407 | G51: W | J51: 0 | K51: 7 | M51: 14.473827 | N51: 4.886567 | O51: =IF(OR(F51="",F51=0),"",M51/(F51*1440)) | P51: 1236 | AA51: =IF(Z51="","",M51/Z51) | AB51: REFlex
A52: 48 | B52: 47775 | D52: Temple of Kotmogu | E52: Orbs | G52: W | H52: 1517 | I52: 345 | J52: 7 | K52: 2 | L52: 4 | M52: 32.530427 | N52: 10.585767 | O52: =IF(OR(F52="",F52=0),"",M52/(F52*1440)) | P52: 826 | Q52: 35 | R52: Orb carrier + team fights | X52: 19 | Y52: 127 | Z52: 36 | AA52: =IF(Z52="","",M52/Z52) | AB52: Scoreboard | AC52: Synthetic example | AF52: 0+ vs 1+ (visible only) | AI52: =IF(COUNTIFS('PG Roster'!$A$5:$A$2000,$A52,'PG Roster'!$O$5:$O$2000,"Your premade")=0,"Solo",IF(AND(1+COUNTIFS('PG Roster'!$A$5:$A$2000,$A52,'PG Roster'!$O$5:$O$2000,"Your premade")>=3,COUNTIFS('PG Roster'!$A$5:$A$2000,$A52,'PG Roster'!$O$5:$O$2000,"Your premade",'PG Roster'!$P$5:$P$2000,"Established")>=2),"Yes","No")) | AJ52: =COUNTIFS('PG Roster'!$A$5:$A$2000,$A52,'PG Roster'!$O$5:$O$2000,"Your premade",'PG Roster'!$P$5:$P$2000,"Established")&" of "&COUNTIFS('PG Roster'!$A$5:$A$2000,$A52,'PG Roster'!$O$5:$O$2000,"Your premade")
A53: 49 | B53: 47775 | D53: Temple of Kotmogu | E53: Orbs | G53: W | H53: 1517 | I53: 897 | J53: 7 | K53: 1 | L53: 10 | M53: 38.092627 | N53: 13.353167 | O53: =IF(OR(F53="",F53=0),"",M53/(F53*1440)) | P53: 820 | Q53: 35 | R53: Orb carrier | X53: 20 | Y53: 319 | Z53: 68 | AA53: =IF(Z53="","",M53/Z53) | AB53: Scoreboard | AC53: Synthetic example | AF53: 0+ vs 1+ (visible only) | AI53: =IF(COUNTIFS('PG Roster'!$A$5:$A$2000,$A53,'PG Roster'!$O$5:$O$2000,"Your premade")=0,"Solo",IF(AND(1+COUNTIFS('PG Roster'!$A$5:$A$2000,$A53,'PG Roster'!$O$5:$O$2000,"Your premade")>=3,COUNTIFS('PG Roster'!$A$5:$A$2000,$A53,'PG Roster'!$O$5:$O$2000,"Your premade",'PG Roster'!$P$5:$P$2000,"Established")>=2),"Yes","No")) | AJ53: =COUNTIFS('PG Roster'!$A$5:$A$2000,$A53,'PG Roster'!$O$5:$O$2000,"Your premade",'PG Roster'!$P$5:$P$2000,"Established")&" of "&COUNTIFS('PG Roster'!$A$5:$A$2000,$A53,'PG Roster'!$O$5:$O$2000,"Your premade")
A54: 50 | B54: 47775 | D54: Eye of the Storm | E54: Flag + Bases | G54: L | H54: 834 | I54: 1517 | J54: 10 | K54: 4 | L54: 7 | M54: 23.296627 | N54: 10.695367 | O54: =IF(OR(F54="",F54=0),"",M54/(F54*1440)) | P54: 480 | Q54: 0 | R54: Mixed | U54: 18 | Z54: 51 | AA54: =IF(Z54="","",M54/Z54) | AB54: Scoreboard (full roster) | AC54: Synthetic example | AD54: =SUMIFS('PG Roster'!$G$5:$G$2000,'PG Roster'!$A$5:$A$2000,$A54,'PG Roster'!$D$5:$D$2000,"Horde") | AE54: =SUMIFS('PG Roster'!$G$5:$G$2000,'PG Roster'!$A$5:$A$2000,$A54,'PG Roster'!$D$5:$D$2000,"Alliance") | AF54: 3 vs 3 | AG54: =SUMIFS('PG Roster'!$I$5:$I$2000,'PG Roster'!$A$5:$A$2000,$A54,'PG Roster'!$D$5:$D$2000,"Horde") | AH54: =SUMIFS('PG Roster'!$I$5:$I$2000,'PG Roster'!$A$5:$A$2000,$A54,'PG Roster'!$D$5:$D$2000,"Alliance") | AI54: =IF(COUNTIFS('PG Roster'!$A$5:$A$2000,$A54,'PG Roster'!$O$5:$O$2000,"Your premade")=0,"Solo",IF(AND(1+COUNTIFS('PG Roster'!$A$5:$A$2000,$A54,'PG Roster'!$O$5:$O$2000,"Your premade")>=3,COUNTIFS('PG Roster'!$A$5:$A$2000,$A54,'PG Roster'!$O$5:$O$2000,"Your premade",'PG Roster'!$P$5:$P$2000,"Established")>=2),"Yes","No")) | AJ54: =COUNTIFS('PG Roster'!$A$5:$A$2000,$A54,'PG Roster'!$O$5:$O$2000,"Your premade",'PG Roster'!$P$5:$P$2000,"Established")&" of "&COUNTIFS('PG Roster'!$A$5:$A$2000,$A54,'PG Roster'!$O$5:$O$2000,"Your premade")
A55: 51 | B55: 47777 | D55: Eye of the Storm | E55: Flag + Bases | G55: W | H55: 1517 | I55: 1140 | J55: 10 | K55: 10 | L55: 10 | M55: 45.901627 | N55: 13.627167 | O55: =IF(OR(F55="",F55=0),"",M55/(F55*1440)) | P55: 931 | Q55: 137 | R55: Flag carrier + team fights | U55: 19 | Z55: 59 | AA55: =IF(Z55="","",M55/Z55) | AB55: Scoreboard (full roster) | AC55: Synthetic example | AD55: =SUMIFS('PG Roster'!$G$5:$G$2000,'PG Roster'!$A$5:$A$2000,$A55,'PG Roster'!$D$5:$D$2000,"Horde") | AE55: =SUMIFS('PG Roster'!$G$5:$G$2000,'PG Roster'!$A$5:$A$2000,$A55,'PG Roster'!$D$5:$D$2000,"Alliance") | AF55: 3 vs 3 | AG55: =SUMIFS('PG Roster'!$I$5:$I$2000,'PG Roster'!$A$5:$A$2000,$A55,'PG Roster'!$D$5:$D$2000,"Horde") | AH55: =SUMIFS('PG Roster'!$I$5:$I$2000,'PG Roster'!$A$5:$A$2000,$A55,'PG Roster'!$D$5:$D$2000,"Alliance") | AI55: =IF(COUNTIFS('PG Roster'!$A$5:$A$2000,$A55,'PG Roster'!$O$5:$O$2000,"Your premade")=0,"Solo",IF(AND(1+COUNTIFS('PG Roster'!$A$5:$A$2000,$A55,'PG Roster'!$O$5:$O$2000,"Your premade")>=3,COUNTIFS('PG Roster'!$A$5:$A$2000,$A55,'PG Roster'!$O$5:$O$2000,"Your premade",'PG Roster'!$P$5:$P$2000,"Established")>=2),"Yes","No")) | AJ55: =COUNTIFS('PG Roster'!$A$5:$A$2000,$A55,'PG Roster'!$O$5:$O$2000,"Your premade",'PG Roster'!$P$5:$P$2000,"Established")&" of "&COUNTIFS('PG Roster'!$A$5:$A$2000,$A55,'PG Roster'!$O$5:$O$2000,"Your premade")
A56: 52 | B56: 47777 | D56: Deepwind Gorge (Legacy) | E56: Carts | G56: L | H56: 672 | I56: 1517 | J56: 0 | K56: 6 | L56: 10 | M56: 13.268227 | N56: 6.229167 | O56: =IF(OR(F56="",F56=0),"",M56/(F56*1440)) | P56: 317 | Q56: 0 | R56: Cart carrier | W56: 20 | Z56: 30 | AA56: =IF(Z56="","",M56/Z56) | AB56: Scoreboard (full roster) | AC56: Synthetic example | AD56: =SUMIFS('PG Roster'!$G$5:$G$2000,'PG Roster'!$A$5:$A$2000,$A56,'PG Roster'!$D$5:$D$2000,"Horde") | AE56: =SUMIFS('PG Roster'!$G$5:$G$2000,'PG Roster'!$A$5:$A$2000,$A56,'PG Roster'!$D$5:$D$2000,"Alliance") | AF56: 2 vs 3 | AG56: =SUMIFS('PG Roster'!$I$5:$I$2000,'PG Roster'!$A$5:$A$2000,$A56,'PG Roster'!$D$5:$D$2000,"Horde") | AH56: =SUMIFS('PG Roster'!$I$5:$I$2000,'PG Roster'!$A$5:$A$2000,$A56,'PG Roster'!$D$5:$D$2000,"Alliance") | AI56: =IF(COUNTIFS('PG Roster'!$A$5:$A$2000,$A56,'PG Roster'!$O$5:$O$2000,"Your premade")=0,"Solo",IF(AND(1+COUNTIFS('PG Roster'!$A$5:$A$2000,$A56,'PG Roster'!$O$5:$O$2000,"Your premade")>=3,COUNTIFS('PG Roster'!$A$5:$A$2000,$A56,'PG Roster'!$O$5:$O$2000,"Your premade",'PG Roster'!$P$5:$P$2000,"Established")>=2),"Yes","No")) | AJ56: =COUNTIFS('PG Roster'!$A$5:$A$2000,$A56,'PG Roster'!$O$5:$O$2000,"Your premade",'PG Roster'!$P$5:$P$2000,"Established")&" of "&COUNTIFS('PG Roster'!$A$5:$A$2000,$A56,'PG Roster'!$O$5:$O$2000,"Your premade")
A57: 53 | B57: 47777 | D57: Deepwind Gorge (Legacy) | E57: Carts | G57: W | H57: 577 | I57: 367 | J57: 0 | K57: 7 | L57: 10 | M57: 39.681827 | N57: 12.695567 | O57: =IF(OR(F57="",F57=0),"",M57/(F57*1440)) | P57: 741 | Q57: 89 | R57: Team fights | W57: 0 | Z57: 50 | AA57: =IF(Z57="","",M57/Z57) | AB57: Scoreboard (full roster) | AC57: Synthetic example | AD57: =SUMIFS('PG Roster'!$G$5:$G$2000,'PG Roster'!$A$5:$A$2000,$A57,'PG Roster'!$D$5:$D$2000,"Horde") | AE57: =SUMIFS('PG Roster'!$G$5:$G$2000,'PG Roster'!$A$5:$A$2000,$A57,'PG Roster'!$D$5:$D$2000,"Alliance") | AF57: 3 vs 2 | AG57: =SUMIFS('PG Roster'!$I$5:$I$2000,'PG Roster'!$A$5:$A$2000,$A57,'PG Roster'!$D$5:$D$2000,"Horde") | AH57: =SUMIFS('PG Roster'!$I$5:$I$2000,'PG Roster'!$A$5:$A$2000,$A57,'PG Roster'!$D$5:$D$2000,"Alliance") | AI57: =IF(COUNTIFS('PG Roster'!$A$5:$A$2000,$A57,'PG Roster'!$O$5:$O$2000,"Your premade")=0,"Solo",IF(AND(1+COUNTIFS('PG Roster'!$A$5:$A$2000,$A57,'PG Roster'!$O$5:$O$2000,"Your premade")>=3,COUNTIFS('PG Roster'!$A$5:$A$2000,$A57,'PG Roster'!$O$5:$O$2000,"Your premade",'PG Roster'!$P$5:$P$2000,"Established")>=2),"Yes","No")) | AJ57: =COUNTIFS('PG Roster'!$A$5:$A$2000,$A57,'PG Roster'!$O$5:$O$2000,"Your premade",'PG Roster'!$P$5:$P$2000,"Established")&" of "&COUNTIFS('PG Roster'!$A$5:$A$2000,$A57,'PG Roster'!$O$5:$O$2000,"Your premade")
A58: 54 | B58: 47777 | C58: 06:30 PM | D58: The Battle for Gilneas | E58: Bases | F58: 0.004212963 | G58: L | H58: 68 | I58: 1517 | J58: 7 | K58: 3 | L58: 7 | M58: 17.076827 | N58: 11.955767 | O58: =IF(OR(F58="",F58=0),"",M58/(F58*1440)) | P58: 375 | Q58: 0 | R58: Base assault | S58: 18 | T58: 0 | Z58: 29 | AA58: =IF(Z58="","",M58/Z58) | AB58: Scoreboard (full roster) + PvP Ledger | AC58: Synthetic example | AD58: =SUMIFS('PG Roster'!$G$5:$G$2000,'PG Roster'!$A$5:$A$2000,$A58,'PG Roster'!$D$5:$D$2000,"Horde") | AE58: =SUMIFS('PG Roster'!$G$5:$G$2000,'PG Roster'!$A$5:$A$2000,$A58,'PG Roster'!$D$5:$D$2000,"Alliance") | AF58: 2 vs 2 | AG58: =SUMIFS('PG Roster'!$I$5:$I$2000,'PG Roster'!$A$5:$A$2000,$A58,'PG Roster'!$D$5:$D$2000,"Horde") | AH58: =SUMIFS('PG Roster'!$I$5:$I$2000,'PG Roster'!$A$5:$A$2000,$A58,'PG Roster'!$D$5:$D$2000,"Alliance") | AI58: =IF(COUNTIFS('PG Roster'!$A$5:$A$2000,$A58,'PG Roster'!$O$5:$O$2000,"Your premade")=0,"Solo",IF(AND(1+COUNTIFS('PG Roster'!$A$5:$A$2000,$A58,'PG Roster'!$O$5:$O$2000,"Your premade")>=3,COUNTIFS('PG Roster'!$A$5:$A$2000,$A58,'PG Roster'!$O$5:$O$2000,"Your premade",'PG Roster'!$P$5:$P$2000,"Established")>=2),"Yes","No")) | AJ58: =COUNTIFS('PG Roster'!$A$5:$A$2000,$A58,'PG Roster'!$O$5:$O$2000,"Your premade",'PG Roster'!$P$5:$P$2000,"Established")&" of "&COUNTIFS('PG Roster'!$A$5:$A$2000,$A58,'PG Roster'!$O$5:$O$2000,"Your premade")

Sheet PG Roster
A1: Asterknight — Match Rosters
A2: One row per player per match. Game # links to the Matches tab. Use this to spot recurring enemy players and premades.
A4: Game # | B4: Player | C4: Realm | D4: Faction | E4: KB | F4: HK | G4: Deaths | H4: Damage (M) | I4: Healing (M) | J4: Orb possessions | K4: Victory points | L4: Notes | M4: Times seen | N4: Person | O4: Group | P4: Status
A5: 48 | B5: Player0685 | C5: ExampleWorld126 | D5: Horde | E5: 2 | F5: 5 | G5: 4 | H5: 52.148827 | I5: 5.023567 | J5: 18 | K5: 183 | M5: =COUNTIFS($B$5:$B$2000,B5,$C$5:$C$2000,C5)+COUNTIFS('GM Roster'!$B$5:$B$2000,B5,'GM Roster'!$C$5:$C$2000,C5) | N5: =IFERROR(INDEX('Known Players'!$C$5:$C$500,MATCH(B5&"|"&C5,'Known Players'!$F$5:$F$500,0)),"") | O5: =IFERROR(INDEX('Known Players'!$D$5:$D$500,MATCH(B5&"|"&C5,'Known Players'!$F$5:$F$500,0)),"") | P5: =IFERROR(INDEX('Known Players'!$G$5:$G$500,MATCH(B5&"|"&C5,'Known Players'!$F$5:$F$500,0)),"")
A6: 48 | B6: Snowflare | C6: SandboxRealm | D6: Horde | E6: 5 | F6: 8 | G6: 0 | H6: 49.408827 | I6: 4.749567 | J6: 0 | K6: 67 | M6: =COUNTIFS($B$5:$B$2000,B6,$C$5:$C$2000,C6)+COUNTIFS('GM Roster'!$B$5:$B$2000,B6,'GM Roster'!$C$5:$C$2000,C6) | N6: =IFERROR(INDEX('Known Players'!$C$5:$C$500,MATCH(B6&"|"&C6,'Known Players'!$F$5:$F$500,0)),"") | O6: =IFERROR(INDEX('Known Players'!$D$5:$D$500,MATCH(B6&"|"&C6,'Known Players'!$F$5:$F$500,0)),"") | P6: =IFERROR(INDEX('Known Players'!$G$5:$G$500,MATCH(B6&"|"&C6,'Known Players'!$F$5:$F$500,0)),"")
A7: 48 | B7: Player0942 | C7: ExampleWorld164 | D7: Alliance | E7: 0 | F7: 0 | G7: 7 | H7: 46.668827 | I7: 9.955567 | J7: 0 | K7: 0 | M7: =COUNTIFS($B$5:$B$2000,B7,$C$5:$C$2000,C7)+COUNTIFS('GM Roster'!$B$5:$B$2000,B7,'GM Roster'!$C$5:$C$2000,C7) | N7: =IFERROR(INDEX('Known Players'!$C$5:$C$500,MATCH(B7&"|"&C7,'Known Players'!$F$5:$F$500,0)),"") | O7: =IFERROR(INDEX('Known Players'!$D$5:$D$500,MATCH(B7&"|"&C7,'Known Players'!$F$5:$F$500,0)),"") | P7: =IFERROR(INDEX('Known Players'!$G$5:$G$500,MATCH(B7&"|"&C7,'Known Players'!$F$5:$F$500,0)),"")
A8: 48 | B8: Player0200 | C8: ExampleWorld179 | D8: Horde | E8: 6 | F8: 5 | G8: 4 | H8: 41.188827 | I8: 1.201267 | J8: 18 | K8: 305 | M8: =COUNTIFS($B$5:$B$2000,B8,$C$5:$C$2000,C8)+COUNTIFS('GM Roster'!$B$5:$B$2000,B8,'GM Roster'!$C$5:$C$2000,C8) | N8: =IFERROR(INDEX('Known Players'!$C$5:$C$500,MATCH(B8&"|"&C8,'Known Players'!$F$5:$F$500,0)),"") | O8: =IFERROR(INDEX('Known Players'!$D$5:$D$500,MATCH(B8&"|"&C8,'Known Players'!$F$5:$F$500,0)),"") | P8: =IFERROR(INDEX('Known Players'!$G$5:$G$500,MATCH(B8&"|"&C8,'Known Players'!$F$5:$F$500,0)),"")
A9: 48 | B9: Player0116 | C9: ExampleWorld164 | D9: Alliance | E9: 7 | F9: 0 | G9: 8 | H9: 38.448827 | I9: 5.297567 | J9: 0 | K9: 37 | M9: =COUNTIFS($B$5:$B$2000,B9,$C$5:$C$2000,C9)+COUNTIFS('GM Roster'!$B$5:$B$2000,B9,'GM Roster'!$C$5:$C$2000,C9) | N9: =IFERROR(INDEX('Known Players'!$C$5:$C$500,MATCH(B9&"|"&C9,'Known Players'!$F$5:$F$500,0)),"") | O9: =IFERROR(INDEX('Known Players'!$D$5:$D$500,MATCH(B9&"|"&C9,'Known Players'!$F$5:$F$500,0)),"") | P9: =IFERROR(INDEX('Known Players'!$G$5:$G$500,MATCH(B9&"|"&C9,'Known Players'!$F$5:$F$500,0)),"")
A10: 48 | B10: Player0044 | C10: ExampleWorld164 | D10: Alliance | E10: 4 | F10: 0 | G10: 8 | H10: 35.708827 | I10: 6.119567 | J10: 20 | K10: 105 | M10: =COUNTIFS($B$5:$B$2000,B10,$C$5:$C$2000,C10)+COUNTIFS('GM Roster'!$B$5:$B$2000,B10,'GM Roster'!$C$5:$C$2000,C10) | N10: =IFERROR(INDEX('Known Players'!$C$5:$C$500,MATCH(B10&"|"&C10,'Known Players'!$F$5:$F$500,0)),"") | O10: =IFERROR(INDEX('Known Players'!$D$5:$D$500,MATCH(B10&"|"&C10,'Known Players'!$F$5:$F$500,0)),"") | P10: =IFERROR(INDEX('Known Players'!$G$5:$G$500,MATCH(B10&"|"&C10,'Known Players'!$F$5:$F$500,0)),"")
A11: 48 | B11: Asterknight | C11: exampleworld001 | D11: Horde | E11: 7 | F11: 2 | G11: 4 | H11: 32.530427 | I11: 10.585767 | J11: 19 | K11: 127 | M11: =COUNTIFS($B$5:$B$2000,B11,$C$5:$C$2000,C11)+COUNTIFS('GM Roster'!$B$5:$B$2000,B11,'GM Roster'!$C$5:$C$2000,C11) | N11: =IFERROR(INDEX('Known Players'!$C$5:$C$500,MATCH(B11&"|"&C11,'Known Players'!$F$5:$F$500,0)),"") | O11: =IFERROR(INDEX('Known Players'!$D$5:$D$500,MATCH(B11&"|"&C11,'Known Players'!$F$5:$F$500,0)),"") | P11: =IFERROR(INDEX('Known Players'!$G$5:$G$500,MATCH(B11&"|"&C11,'Known Players'!$F$5:$F$500,0)),"")
A12: 48 | B12: Player0603 | C12: ExampleWorld164 | D12: Alliance | E12: 4 | F12: 5 | G12: 2 | H12: 27.488827 | I12: 14.613567 | J12: 0 | K12: 27 | M12: =COUNTIFS($B$5:$B$2000,B12,$C$5:$C$2000,C12)+COUNTIFS('GM Roster'!$B$5:$B$2000,B12,'GM Roster'!$C$5:$C$2000,C12) | N12: =IFERROR(INDEX('Known Players'!$C$5:$C$500,MATCH(B12&"|"&C12,'Known Players'!$F$5:$F$500,0)),"") | O12: =IFERROR(INDEX('Known Players'!$D$5:$D$500,MATCH(B12&"|"&C12,'Known Players'!$F$5:$F$500,0)),"") | P12: =IFERROR(INDEX('Known Players'!$G$5:$G$500,MATCH(B12&"|"&C12,'Known Players'!$F$5:$F$500,0)),"")
A13: 48 | B13: Emberward | C13: SandboxRealm | D13: Horde | E13: 0 | F13: 8 | G13: 0 | H13: 27.488827 | I13: 2.749367 | J13: 0 | K13: 87 | M13: =COUNTIFS($B$5:$B$2000,B13,$C$5:$C$2000,C13)+COUNTIFS('GM Roster'!$B$5:$B$2000,B13,'GM Roster'!$C$5:$C$2000,C13) | N13: =IFERROR(INDEX('Known Players'!$C$5:$C$500,MATCH(B13&"|"&C13,'Known Players'!$F$5:$F$500,0)),"") | O13: =IFERROR(INDEX('Known Players'!$D$5:$D$500,MATCH(B13&"|"&C13,'Known Players'!$F$5:$F$500,0)),"") | P13: =IFERROR(INDEX('Known Players'!$G$5:$G$500,MATCH(B13&"|"&C13,'Known Players'!$F$5:$F$500,0)),"")
A14: 48 | B14: Thornpaw | C14: SandboxRealm | D14: Horde | E14: 8 | F14: 10 | G14: 4 | H14: 25.570827 | I14: 6.941567 | J14: 18 | K14: 241 | M14: =COUNTIFS($B$5:$B$2000,B14,$C$5:$C$2000,C14)+COUNTIFS('GM Roster'!$B$5:$B$2000,B14,'GM Roster'!$C$5:$C$2000,C14) | N14: =IFERROR(INDEX('Known Players'!$C$5:$C$500,MATCH(B14&"|"&C14,'Known Players'!$F$5:$F$500,0)),"") | O14: =IFERROR(INDEX('Known Players'!$D$5:$D$500,MATCH(B14&"|"&C14,'Known Players'!$F$5:$F$500,0)),"") | P14: =IFERROR(INDEX('Known Players'!$G$5:$G$500,MATCH(B14&"|"&C14,'Known Players'!$F$5:$F$500,0)),"")
A15: 48 | B15: Player0391 | C15: ExampleWorld003 | D15: Horde | E15: 4 | F15: 10 | G15: 4 | H15: 21.460827 | I15: 10.777567 | J15: 19 | K15: 329 | M15: =COUNTIFS($B$5:$B$2000,B15,$C$5:$C$2000,C15)+COUNTIFS('GM Roster'!$B$5:$B$2000,B15,'GM Roster'!$C$5:$C$2000,C15) | N15: =IFERROR(INDEX('Known Players'!$C$5:$C$500,MATCH(B15&"|"&C15,'Known Players'!$F$5:$F$500,0)),"") | O15: =IFERROR(INDEX('Known Players'!$D$5:$D$500,MATCH(B15&"|"&C15,'Known Players'!$F$5:$F$500,0)),"") | P15: =IFERROR(INDEX('Known Players'!$G$5:$G$500,MATCH(B15&"|"&C15,'Known Players'!$F$5:$F$500,0)),"")
A16: 48 | B16: Player0348 | C16: ExampleWorld130 | D16: Alliance | E16: 0 | F16: 2 | G16: 5 | H16: 18.720827 | I16: 30.231567 | J16: 19 | K16: 81 | M16: =COUNTIFS($B$5:$B$2000,B16,$C$5:$C$2000,C16)+COUNTIFS('GM Roster'!$B$5:$B$2000,B16,'GM Roster'!$C$5:$C$2000,C16) | N16: =IFERROR(INDEX('Known Players'!$C$5:$C$500,MATCH(B16&"|"&C16,'Known Players'!$F$5:$F$500,0)),"") | O16: =IFERROR(INDEX('Known Players'!$D$5:$D$500,MATCH(B16&"|"&C16,'Known Players'!$F$5:$F$500,0)),"") | P16: =IFERROR(INDEX('Known Players'!$G$5:$G$500,MATCH(B16&"|"&C16,'Known Players'!$F$5:$F$500,0)),"")
... A36: 49 | B36: Player0891 | C36: ExampleWorld133 | D36: Alliance | E36: 0 | F36: 7 | G36: 5 | H36: 14.336827 | I36: 38.451567 | J36: 20 | K36: 111 | M36: =COUNTIFS($B$5:$B$2000,B36,$C$5:$C$2000,C36)+COUNTIFS('GM Roster'!$B$5:$B$2000,B36,'GM Roster'!$C$5:$C$2000,C36) | N36: =IFERROR(INDEX('Known Players'!$C$5:$C$500,MATCH(B36&"|"&C36,'Known Players'!$F$5:$F$500,0)),"") | O36: =IFERROR(INDEX('Known Players'!$D$5:$D$500,MATCH(B36&"|"&C36,'Known Players'!$F$5:$F$500,0)),"") | P36: =IFERROR(INDEX('Known Players'!$G$5:$G$500,MATCH(B36&"|"&C36,'Known Players'!$F$5:$F$500,0)),"")
A37: 50 | B37: Player0180 | C37: SandboxRealm | D37: Horde | E37: 0 | F37: 0 | G37: 7 | H37: 5.020827 | I37: 101.47157 | M37: =COUNTIFS($B$5:$B$2000,B37,$C$5:$C$2000,C37)+COUNTIFS('GM Roster'!$B$5:$B$2000,B37,'GM Roster'!$C$5:$C$2000,C37) | N37: =IFERROR(INDEX('Known Players'!$C$5:$C$500,MATCH(B37&"|"&C37,'Known Players'!$F$5:$F$500,0)),"") | O37: =IFERROR(INDEX('Known Players'!$D$5:$D$500,MATCH(B37&"|"&C37,'Known Players'!$F$5:$F$500,0)),"") | P37: =IFERROR(INDEX('Known Players'!$G$5:$G$500,MATCH(B37&"|"&C37,'Known Players'!$F$5:$F$500,0)),"")
A38: 50 | B38: Player0382 | C38: ExampleWorld102 | D38: Horde | E38: 0 | F38: 1 | G38: 7 | H38: 6.116827 | I38: 43.931567 | M38: =COUNTIFS($B$5:$B$2000,B38,$C$5:$C$2000,C38)+COUNTIFS('GM Roster'!$B$5:$B$2000,B38,'GM Roster'!$C$5:$C$2000,C38) | N38: =IFERROR(INDEX('Known Players'!$C$5:$C$500,MATCH(B38&"|"&C38,'Known Players'!$F$5:$F$500,0)),"") | O38: =IFERROR(INDEX('Known Players'!$D$5:$D$500,MATCH(B38&"|"&C38,'Known Players'!$F$5:$F$500,0)),"") | P38: =IFERROR(INDEX('Known Players'!$G$5:$G$500,MATCH(B38&"|"&C38,'Known Players'!$F$5:$F$500,0)),"")
A39: 50 | B39: Player0510 | C39: ExampleWorld029 | D39: Horde | E39: 0 | F39: 1 | G39: 10 | H39: 20.364827 | I39: 26.669567 | M39: =COUNTIFS($B$5:$B$2000,B39,$C$5:$C$2000,C39)+COUNTIFS('GM Roster'!$B$5:$B$2000,B39,'GM Roster'!$C$5:$C$2000,C39) | N39: =IFERROR(INDEX('Known Players'!$C$5:$C$500,MATCH(B39&"|"&C39,'Known Players'!$F$5:$F$500,0)),"") | O39: =IFERROR(INDEX('Known Players'!$D$5:$D$500,MATCH(B39&"|"&C39,'Known Players'!$F$5:$F$500,0)),"") | P39: =IFERROR(INDEX('Known Players'!$G$5:$G$500,MATCH(B39&"|"&C39,'Known Players'!$F$5:$F$500,0)),"")
A40: 50 | B40: Snowflare | C40: SandboxRealm | D40: Horde | E40: 2 | F40: 4 | G40: 10 | H40: 52.148827 | I40: 19.271567 | M40: =COUNTIFS($B$5:$B$2000,B40,$C$5:$C$2000,C40)+COUNTIFS('GM Roster'!$B$5:$B$2000,B40,'GM Roster'!$C$5:$C$2000,C40) | N40: =IFERROR(INDEX('Known Players'!$C$5:$C$500,MATCH(B40&"|"&C40,'Known Players'!$F$5:$F$500,0)),"") | O40: =IFERROR(INDEX('Known Players'!$D$5:$D$500,MATCH(B40&"|"&C40,'Known Players'!$F$5:$F$500,0)),"") | P40: =IFERROR(INDEX('Known Players'!$G$5:$G$500,MATCH(B40&"|"&C40,'Known Players'!$F$5:$F$500,0)),"")
A41: 50 | B41: Player0359 | C41: ExampleWorld174 | D41: Horde | E41: 0 | F41: 8 | G41: 10 | H41: 6.116827 | I41: 19.271567 | M41: =COUNTIFS($B$5:$B$2000,B41,$C$5:$C$2000,C41)+COUNTIFS('GM Roster'!$B$5:$B$2000,B41,'GM Roster'!$C$5:$C$2000,C41) | N41: =IFERROR(INDEX('Known Players'!$C$5:$C$500,MATCH(B41&"|"&C41,'Known Players'!$F$5:$F$500,0)),"") | O41: =IFERROR(INDEX('Known Players'!$D$5:$D$500,MATCH(B41&"|"&C41,'Known Players'!$F$5:$F$500,0)),"") | P41: =IFERROR(INDEX('Known Players'!$G$5:$G$500,MATCH(B41&"|"&C41,'Known Players'!$F$5:$F$500,0)),"")
A42: 50 | B42: Player0488 | C42: ExampleWorld169 | D42: Horde | E42: 10 | F42: 10 | G42: 0 | H42: 93.248827 | I42: 15.709567 | M42: =COUNTIFS($B$5:$B$2000,B42,$C$5:$C$2000,C42)+COUNTIFS('GM Roster'!$B$5:$B$2000,B42,'GM Roster'!$C$5:$C$2000,C42) | N42: =IFERROR(INDEX('Known Players'!$C$5:$C$500,MATCH(B42&"|"&C42,'Known Players'!$F$5:$F$500,0)),"") | O42: =IFERROR(INDEX('Known Players'!$D$5:$D$500,MATCH(B42&"|"&C42,'Known Players'!$F$5:$F$500,0)),"") | P42: =IFERROR(INDEX('Known Players'!$G$5:$G$500,MATCH(B42&"|"&C42,'Known Players'!$F$5:$F$500,0)),"")
A43: 50 | B43: Thornpaw | C43: SandboxRealm | D43: Horde | E43: 4 | F43: 4 | G43: 10 | H43: 25.844827 | I43: 15.435567 | M43: =COUNTIFS($B$5:$B$2000,B43,$C$5:$C$2000,C43)+COUNTIFS('GM Roster'!$B$5:$B$2000,B43,'GM Roster'!$C$5:$C$2000,C43) | N43: =IFERROR(INDEX('Known Players'!$C$5:$C$500,MATCH(B43&"|"&C43,'Known Players'!$F$5:$F$500,0)),"") | O43: =IFERROR(INDEX('Known Players'!$D$5:$D$500,MATCH(B43&"|"&C43,'Known Players'!$F$5:$F$500,0)),"") | P43: =IFERROR(INDEX('Known Players'!$G$5:$G$500,MATCH(B43&"|"&C43,'Known Players'!$F$5:$F$500,0)),"")
A44: 50 | B44: Asterknight | C44: exampleworld001 | D44: Horde | E44: 10 | F44: 4 | G44: 7 | H44: 23.296627 | I44: 10.695367 | L44: Synthetic example | M44: =COUNTIFS($B$5:$B$2000,B44,$C$5:$C$2000,C44)+COUNTIFS('GM Roster'!$B$5:$B$2000,B44,'GM Roster'!$C$5:$C$2000,C44) | N44: =IFERROR(INDEX('Known Players'!$C$5:$C$500,MATCH(B44&"|"&C44,'Known Players'!$F$5:$F$500,0)),"") | O44: =IFERROR(INDEX('Known Players'!$D$5:$D$500,MATCH(B44&"|"&C44,'Known Players'!$F$5:$F$500,0)),"") | P44: =IFERROR(INDEX('Known Players'!$G$5:$G$500,MATCH(B44&"|"&C44,'Known Players'!$F$5:$F$500,0)),"")
A45: 50 | B45: Emberward | C45: SandboxRealm | D45: Horde | E45: 5 | F45: 3 | G45: 10 | H45: 38.448827 | I45: 6.119567 | M45: =COUNTIFS($B$5:$B$2000,B45,$C$5:$C$2000,C45)+COUNTIFS('GM Roster'!$B$5:$B$2000,B45,'GM Roster'!$C$5:$C$2000,C45) | N45: =IFERROR(INDEX('Known Players'!$C$5:$C$500,MATCH(B45&"|"&C45,'Known Players'!$F$5:$F$500,0)),"") | O45: =IFERROR(INDEX('Known Players'!$D$5:$D$500,MATCH(B45&"|"&C45,'Known Players'!$F$5:$F$500,0)),"") | P45: =IFERROR(INDEX('Known Players'!$G$5:$G$500,MATCH(B45&"|"&C45,'Known Players'!$F$5:$F$500,0)),"")
A46: 50 | B46: Player0018 | C46: ExampleWorld144 | D46: Horde | E46: 7 | F46: 0 | G46: 0 | H46: 38.448827 | I46: 3.105567 | M46: =COUNTIFS($B$5:$B$2000,B46,$C$5:$C$2000,C46)+COUNTIFS('GM Roster'!$B$5:$B$2000,B46,'GM Roster'!$C$5:$C$2000,C46) | N46: =IFERROR(INDEX('Known Players'!$C$5:$C$500,MATCH(B46&"|"&C46,'Known Players'!$F$5:$F$500,0)),"") | O46: =IFERROR(INDEX('Known Players'!$D$5:$D$500,MATCH(B46&"|"&C46,'Known Players'!$F$5:$F$500,0)),"") | P46: =IFERROR(INDEX('Known Players'!$G$5:$G$500,MATCH(B46&"|"&C46,'Known Players'!$F$5:$F$500,0)),"")
A47: 50 | B47: Player0419 | C47: ExampleWorld063 | D47: Horde | E47: 0 | F47: 9 | G47: 0 | H47: 11.596827 | I47: 2.831567 | M47: =COUNTIFS($B$5:$B$2000,B47,$C$5:$C$2000,C47)+COUNTIFS('GM Roster'!$B$5:$B$2000,B47,'GM Roster'!$C$5:$C$2000,C47) | N47: =IFERROR(INDEX('Known Players'!$C$5:$C$500,MATCH(B47&"|"&C47,'Known Players'!$F$5:$F$500,0)),"") | O47: =IFERROR(INDEX('Known Players'!$D$5:$D$500,MATCH(B47&"|"&C47,'Known Players'!$F$5:$F$500,0)),"") | P47: =IFERROR(INDEX('Known Players'!$G$5:$G$500,MATCH(B47&"|"&C47,'Known Players'!$F$5:$F$500,0)),"")
A48: 50 | B48: Player0122 | C48: ExampleWorld023 | D48: Horde | E48: 10 | F48: 10 | G48: 10 | H48: 27.488827 | I48: 2.831567 | M48: =COUNTIFS($B$5:$B$2000,B48,$C$5:$C$2000,C48)+COUNTIFS('GM Roster'!$B$5:$B$2000,B48,'GM Roster'!$C$5:$C$2000,C48) | N48: =IFERROR(INDEX('Known Players'!$C$5:$C$500,MATCH(B48&"|"&C48,'Known Players'!$F$5:$F$500,0)),"") | O48: =IFERROR(INDEX('Known Players'!$D$5:$D$500,MATCH(B48&"|"&C48,'Known Players'!$F$5:$F$500,0)),"") | P48: =IFERROR(INDEX('Known Players'!$G$5:$G$500,MATCH(B48&"|"&C48,'Known Players'!$F$5:$F$500,0)),"")
A49: 50 | B49: Player0915 | C49: ExampleWorld084 | D49: Horde | E49: 7 | F49: 2 | G49: 7 | H49: 30.228827 | I49: 2.719227 | M49: =COUNTIFS($B$5:$B$2000,B49,$C$5:$C$2000,C49)+COUNTIFS('GM Roster'!$B$5:$B$2000,B49,'GM Roster'!$C$5:$C$2000,C49) | N49: =IFERROR(INDEX('Known Players'!$C$5:$C$500,MATCH(B49&"|"&C49,'Known Players'!$F$5:$F$500,0)),"") | O49: =IFERROR(INDEX('Known Players'!$D$5:$D$500,MATCH(B49&"|"&C49,'Known Players'!$F$5:$F$500,0)),"") | P49: =IFERROR(INDEX('Known Players'!$G$5:$G$500,MATCH(B49&"|"&C49,'Known Players'!$F$5:$F$500,0)),"")
A50: 50 | B50: Player0093 | C50: ExampleWorld023 | D50: Horde | E50: 0 | F50: 0 | G50: 7 | H50: 27.488827 | I50: 2.376727 | M50: =COUNTIFS($B$5:$B$2000,B50,$C$5:$C$2000,C50)+COUNTIFS('GM Roster'!$B$5:$B$2000,B50,'GM Roster'!$C$5:$C$2000,C50) | N50: =IFERROR(INDEX('Known Players'!$C$5:$C$500,MATCH(B50&"|"&C50,'Known Players'!$F$5:$F$500,0)),"") | O50: =IFERROR(INDEX('Known Players'!$D$5:$D$500,MATCH(B50&"|"&C50,'Known Players'!$F$5:$F$500,0)),"") | P50: =IFERROR(INDEX('Known Players'!$G$5:$G$500,MATCH(B50&"|"&C50,'Known Players'!$F$5:$F$500,0)),"")
A51: 50 | B51: Player0599 | C51: ExampleWorld143 | D51: Horde | E51: 5 | F51: 1 | G51: 0 | H51: 49.408827 | I51: 2.316447 | M51: =COUNTIFS($B$5:$B$2000,B51,$C$5:$C$2000,C51)+COUNTIFS('GM Roster'!$B$5:$B$2000,B51,'GM Roster'!$C$5:$C$2000,C51) | N51: =IFERROR(INDEX('Known Players'!$C$5:$C$500,MATCH(B51&"|"&C51,'Known Players'!$F$5:$F$500,0)),"") | O51: =IFERROR(INDEX('Known Players'!$D$5:$D$500,MATCH(B51&"|"&C51,'Known Players'!$F$5:$F$500,0)),"") | P51: =IFERROR(INDEX('Known Players'!$G$5:$G$500,MATCH(B51&"|"&C51,'Known Players'!$F$5:$F$500,0)),"")
A52: 50 | B52: Player0429 | C52: ExampleWorld143 | D52: Alliance | E52: 4 | F52: 8 | G52: 4 | H52: 2.379467 | I52: 126.13157 | M52: =COUNTIFS($B$5:$B$2000,B52,$C$5:$C$2000,C52)+COUNTIFS('GM Roster'!$B$5:$B$2000,B52,'GM Roster'!$C$5:$C$2000,C52) | N52: =IFERROR(INDEX('Known Players'!$C$5:$C$500,MATCH(B52&"|"&C52,'Known Players'!$F$5:$F$500,0)),"") | O52: =IFERROR(INDEX('Known Players'!$D$5:$D$500,MATCH(B52&"|"&C52,'Known Players'!$F$5:$F$500,0)),"") | P52: =IFERROR(INDEX('Known Players'!$G$5:$G$500,MATCH(B52&"|"&C52,'Known Players'!$F$5:$F$500,0)),"")
A53: 50 | B53: Player0745 | C53: ExampleWorld133 | D53: Alliance | E53: 4 | F53: 6 | G53: 7 | H53: 6.938827 | I53: 90.511567 | L53: Synthetic example | M53: =COUNTIFS($B$5:$B$2000,B53,$C$5:$C$2000,C53)+COUNTIFS('GM Roster'!$B$5:$B$2000,B53,'GM Roster'!$C$5:$C$2000,C53) | N53: =IFERROR(INDEX('Known Players'!$C$5:$C$500,MATCH(B53&"|"&C53,'Known Players'!$F$5:$F$500,0)),"") | O53: =IFERROR(INDEX('Known Players'!$D$5:$D$500,MATCH(B53&"|"&C53,'Known Players'!$F$5:$F$500,0)),"") | P53: =IFERROR(INDEX('Known Players'!$G$5:$G$500,MATCH(B53&"|"&C53,'Known Players'!$F$5:$F$500,0)),"")
A54: 50 | B54: Player0267 | C54: ExampleWorld039 | D54: Alliance | E54: 0 | F54: 5 | G54: 4 | H54: 15.158827 | I54: 87.771567 | M54: =COUNTIFS($B$5:$B$2000,B54,$C$5:$C$2000,C54)+COUNTIFS('GM Roster'!$B$5:$B$2000,B54,'GM Roster'!$C$5:$C$2000,C54) | N54: =IFERROR(INDEX('Known Players'!$C$5:$C$500,MATCH(B54&"|"&C54,'Known Players'!$F$5:$F$500,0)),"") | O54: =IFERROR(INDEX('Known Players'!$D$5:$D$500,MATCH(B54&"|"&C54,'Known Players'!$F$5:$F$500,0)),"") | P54: =IFERROR(INDEX('Known Players'!$G$5:$G$500,MATCH(B54&"|"&C54,'Known Players'!$F$5:$F$500,0)),"")
A55: 50 | B55: Player0405 | C55: ExampleWorld063 | D55: Alliance | E55: 0 | F55: 4 | G55: 2 | H55: 38.448827 | I55: 17.627567 | M55: =COUNTIFS($B$5:$B$2000,B55,$C$5:$C$2000,C55)+COUNTIFS('GM Roster'!$B$5:$B$2000,B55,'GM Roster'!$C$5:$C$2000,C55) | N55: =IFERROR(INDEX('Known Players'!$C$5:$C$500,MATCH(B55&"|"&C55,'Known Players'!$F$5:$F$500,0)),"") | O55: =IFERROR(INDEX('Known Players'!$D$5:$D$500,MATCH(B55&"|"&C55,'Known Players'!$F$5:$F$500,0)),"") | P55: =IFERROR(INDEX('Known Players'!$G$5:$G$500,MATCH(B55&"|"&C55,'Known Players'!$F$5:$F$500,0)),"")
A56: 50 | B56: Player0349 | C56: ExampleWorld133 | D56: Alliance | E56: 0 | F56: 1 | G56: 10 | H56: 49.408827 | I56: 15.161567 | M56: =COUNTIFS($B$5:$B$2000,B56,$C$5:$C$2000,C56)+COUNTIFS('GM Roster'!$B$5:$B$2000,B56,'GM Roster'!$C$5:$C$2000,C56) | N56: =IFERROR(INDEX('Known Players'!$C$5:$C$500,MATCH(B56&"|"&C56,'Known Players'!$F$5:$F$500,0)),"") | O56: =IFERROR(INDEX('Known Players'!$D$5:$D$500,MATCH(B56&"|"&C56,'Known Players'!$F$5:$F$500,0)),"") | P56: =IFERROR(INDEX('Known Players'!$G$5:$G$500,MATCH(B56&"|"&C56,'Known Players'!$F$5:$F$500,0)),"")
A57: 50 | B57: Player0403 | C57: ExampleWorld133 | D57: Alliance | E57: 2 | F57: 9 | G57: 4 | H57: 41.188827 | I57: 14.887567 | M57: =COUNTIFS($B$5:$B$2000,B57,$C$5:$C$2000,C57)+COUNTIFS('GM Roster'!$B$5:$B$2000,B57,'GM Roster'!$C$5:$C$2000,C57) | N57: =IFERROR(INDEX('Known Players'!$C$5:$C$500,MATCH(B57&"|"&C57,'Known Players'!$F$5:$F$500,0)),"") | O57: =IFERROR(INDEX('Known Players'!$D$5:$D$500,MATCH(B57&"|"&C57,'Known Players'!$F$5:$F$500,0)),"") | P57: =IFERROR(INDEX('Known Players'!$G$5:$G$500,MATCH(B57&"|"&C57,'Known Players'!$F$5:$F$500,0)),"")
A58: 50 | B58: Player0868 | C58: ExampleWorld150 | D58: Alliance | E58: 7 | F58: 9 | G58: 4 | H58: 41.188827 | I58: 11.325567 | M58: =COUNTIFS($B$5:$B$2000,B58,$C$5:$C$2000,C58)+COUNTIFS('GM Roster'!$B$5:$B$2000,B58,'GM Roster'!$C$5:$C$2000,C58) | N58: =IFERROR(INDEX('Known Players'!$C$5:$C$500,MATCH(B58&"|"&C58,'Known Players'!$F$5:$F$500,0)),"") | O58: =IFERROR(INDEX('Known Players'!$D$5:$D$500,MATCH(B58&"|"&C58,'Known Players'!$F$5:$F$500,0)),"") | P58: =IFERROR(INDEX('Known Players'!$G$5:$G$500,MATCH(B58&"|"&C58,'Known Players'!$F$5:$F$500,0)),"")
A59: 50 | B59: Player0602 | C59: ExampleWorld129 | D59: Alliance | E59: 5 | F59: 3 | G59: 7 | H59: 25.570827 | I59: 9.407567 | M59: =COUNTIFS($B$5:$B$2000,B59,$C$5:$C$2000,C59)+COUNTIFS('GM Roster'!$B$5:$B$2000,B59,'GM Roster'!$C$5:$C$2000,C59) | N59: =IFERROR(INDEX('Known Players'!$C$5:$C$500,MATCH(B59&"|"&C59,'Known Players'!$F$5:$F$500,0)),"") | O59: =IFERROR(INDEX('Known Players'!$D$5:$D$500,MATCH(B59&"|"&C59,'Known Players'!$F$5:$F$500,0)),"") | P59: =IFERROR(INDEX('Known Players'!$G$5:$G$500,MATCH(B59&"|"&C59,'Known Players'!$F$5:$F$500,0)),"")
A60: 50 | B60: Player0727 | C60: ExampleWorld013 | D60: Alliance | E60: 4 | F60: 0 | G60: 4 | H60: 18.172827 | I60: 9.133567 | L60: Synthetic example | M60: =COUNTIFS($B$5:$B$2000,B60,$C$5:$C$2000,C60)+COUNTIFS('GM Roster'!$B$5:$B$2000,B60,'GM Roster'!$C$5:$C$2000,C60) | N60: =IFERROR(INDEX('Known Players'!$C$5:$C$500,MATCH(B60&"|"&C60,'Known Players'!$F$5:$F$500,0)),"") | O60: =IFERROR(INDEX('Known Players'!$D$5:$D$500,MATCH(B60&"|"&C60,'Known Players'!$F$5:$F$500,0)),"") | P60: =IFERROR(INDEX('Known Players'!$G$5:$G$500,MATCH(B60&"|"&C60,'Known Players'!$F$5:$F$500,0)),"")
A61: 50 | B61: Player0218 | C61: SandboxRealm | D61: Alliance | E61: 10 | F61: 10 | G61: 4 | H61: 41.188827 | I61: 8.585567 | M61: =COUNTIFS($B$5:$B$2000,B61,$C$5:$C$2000,C61)+COUNTIFS('GM Roster'!$B$5:$B$2000,B61,'GM Roster'!$C$5:$C$2000,C61) | N61: =IFERROR(INDEX('Known Players'!$C$5:$C$500,MATCH(B61&"|"&C61,'Known Players'!$F$5:$F$500,0)),"") | O61: =IFERROR(INDEX('Known Players'!$D$5:$D$500,MATCH(B61&"|"&C61,'Known Players'!$F$5:$F$500,0)),"") | P61: =IFERROR(INDEX('Known Players'!$G$5:$G$500,MATCH(B61&"|"&C61,'Known Players'!$F$5:$F$500,0)),"")
A62: 50 | B62: Player0843 | C62: ExampleWorld133 | D62: Alliance | E62: 7 | F62: 4 | G62: 0 | H62: 30.228827 | I62: 5.845567 | L62: Synthetic example | M62: =COUNTIFS($B$5:$B$2000,B62,$C$5:$C$2000,C62)+COUNTIFS('GM Roster'!$B$5:$B$2000,B62,'GM Roster'!$C$5:$C$2000,C62) | N62: =IFERROR(INDEX('Known Players'!$C$5:$C$500,MATCH(B62&"|"&C62,'Known Players'!$F$5:$F$500,0)),"") | O62: =IFERROR(INDEX('Known Players'!$D$5:$D$500,MATCH(B62&"|"&C62,'Known Players'!$F$5:$F$500,0)),"") | P62: =IFERROR(INDEX('Known Players'!$G$5:$G$500,MATCH(B62&"|"&C62,'Known Players'!$F$5:$F$500,0)),"")
A63: 50 | B63: Player0886 | C63: ExampleWorld164 | D63: Alliance | E63: 3 | F63: 6 | G63: 8 | H63: 43.928827 | I63: 5.571567 | M63: =COUNTIFS($B$5:$B$2000,B63,$C$5:$C$2000,C63)+COUNTIFS('GM Roster'!$B$5:$B$2000,B63,'GM Roster'!$C$5:$C$2000,C63) | N63: =IFERROR(INDEX('Known Players'!$C$5:$C$500,MATCH(B63&"|"&C63,'Known Players'!$F$5:$F$500,0)),"") | O63: =IFERROR(INDEX('Known Players'!$D$5:$D$500,MATCH(B63&"|"&C63,'Known Players'!$F$5:$F$500,0)),"") | P63: =IFERROR(INDEX('Known Players'!$G$5:$G$500,MATCH(B63&"|"&C63,'Known Players'!$F$5:$F$500,0)),"")
A64: 50 | B64: Player0518 | C64: ExampleWorld117 | D64: Alliance | E64: 0 | F64: 2 | G64: 7 | H64: 2.828827 | I64: 5.297567 | L64: Synthetic example | M64: =COUNTIFS($B$5:$B$2000,B64,$C$5:$C$2000,C64)+COUNTIFS('GM Roster'!$B$5:$B$2000,B64,'GM Roster'!$C$5:$C$2000,C64) | N64: =IFERROR(INDEX('Known Players'!$C$5:$C$500,MATCH(B64&"|"&C64,'Known Players'!$F$5:$F$500,0)),"") | O64: =IFERROR(INDEX('Known Players'!$D$5:$D$500,MATCH(B64&"|"&C64,'Known Players'!$F$5:$F$500,0)),"") | P64: =IFERROR(INDEX('Known Players'!$G$5:$G$500,MATCH(B64&"|"&C64,'Known Players'!$F$5:$F$500,0)),"")
A65: 50 | B65: Player0118 | C65: ExampleWorld155 | D65: Alliance | E65: 5 | F65: 2 | G65: 4 | H65: 65.848827 | I65: 5.023567 | L65: Synthetic example | M65: =COUNTIFS($B$5:$B$2000,B65,$C$5:$C$2000,C65)+COUNTIFS('GM Roster'!$B$5:$B$2000,B65,'GM Roster'!$C$5:$C$2000,C65) | N65: =IFERROR(INDEX('Known Players'!$C$5:$C$500,MATCH(B65&"|"&C65,'Known Players'!$F$5:$F$500,0)),"") | O65: =IFERROR(INDEX('Known Players'!$D$5:$D$500,MATCH(B65&"|"&C65,'Known Players'!$F$5:$F$500,0)),"") | P65: =IFERROR(INDEX('Known Players'!$G$5:$G$500,MATCH(B65&"|"&C65,'Known Players'!$F$5:$F$500,0)),"")
A66: 50 | B66: Player0254 | C66: ExampleWorld040 | D66: Alliance | E66: 7 | F66: 8 | G66: 10 | H66: 15.706827 | I66: 2.401387 | M66: =COUNTIFS($B$5:$B$2000,B66,$C$5:$C$2000,C66)+COUNTIFS('GM Roster'!$B$5:$B$2000,B66,'GM Roster'!$C$5:$C$2000,C66) | N66: =IFERROR(INDEX('Known Players'!$C$5:$C$500,MATCH(B66&"|"&C66,'Known Players'!$F$5:$F$500,0)),"") | O66: =IFERROR(INDEX('Known Players'!$D$5:$D$500,MATCH(B66&"|"&C66,'Known Players'!$F$5:$F$500,0)),"") | P66: =IFERROR(INDEX('Known Players'!$G$5:$G$500,MATCH(B66&"|"&C66,'Known Players'!$F$5:$F$500,0)),"")
A67: 51 | B67: Player0654 | C67: ExampleWorld105 | D67: Horde | E67: 5 | F67: 5 | G67: 7 | H67: 115.16883 | I67: 8.859567 | M67: =COUNTIFS($B$5:$B$2000,B67,$C$5:$C$2000,C67)+COUNTIFS('GM Roster'!$B$5:$B$2000,B67,'GM Roster'!$C$5:$C$2000,C67) | N67: =IFERROR(INDEX('Known Players'!$C$5:$C$500,MATCH(B67&"|"&C67,'Known Players'!$F$5:$F$500,0)),"") | O67: =IFERROR(INDEX('Known Players'!$D$5:$D$500,MATCH(B67&"|"&C67,'Known Players'!$F$5:$F$500,0)),"") | P67: =IFERROR(INDEX('Known Players'!$G$5:$G$500,MATCH(B67&"|"&C67,'Known Players'!$F$5:$F$500,0)),"")
A68: 51 | B68: Emberguard | C68: SandboxRealm | D68: Horde | E68: 2 | F68: 5 | G68: 7 | H68: 82.288827 | I68: 11.325567 | L68: Synthetic example | M68: =COUNTIFS($B$5:$B$2000,B68,$C$5:$C$2000,C68)+COUNTIFS('GM Roster'!$B$5:$B$2000,B68,'GM Roster'!$C$5:$C$2000,C68) | N68: =IFERROR(INDEX('Known Players'!$C$5:$C$500,MATCH(B68&"|"&C68,'Known Players'!$F$5:$F$500,0)),"") | O68: =IFERROR(INDEX('Known Players'!$D$5:$D$500,MATCH(B68&"|"&C68,'Known Players'!$F$5:$F$500,0)),"") | P68: =IFERROR(INDEX('Known Players'!$G$5:$G$500,MATCH(B68&"|"&C68,'Known Players'!$F$5:$F$500,0)),"")
A69: 51 | B69: Player0065 | C69: PracticeRealm | D69: Horde | E69: 0 | F69: 8 | G69: 2 | H69: 79.548827 | I69: 10.503567 | M69: =COUNTIFS($B$5:$B$2000,B69,$C$5:$C$2000,C69)+COUNTIFS('GM Roster'!$B$5:$B$2000,B69,'GM Roster'!$C$5:$C$2000,C69) | N69: =IFERROR(INDEX('Known Players'!$C$5:$C$500,MATCH(B69&"|"&C69,'Known Players'!$F$5:$F$500,0)),"") | O69: =IFERROR(INDEX('Known Players'!$D$5:$D$500,MATCH(B69&"|"&C69,'Known Players'!$F$5:$F$500,0)),"") | P69: =IFERROR(INDEX('Known Players'!$G$5:$G$500,MATCH(B69&"|"&C69,'Known Players'!$F$5:$F$500,0)),"")
A70: 51 | B70: Player0546 | C70: ExampleWorld111 | D70: Horde | E70: 5 | F70: 3 | G70: 10 | H70: 46.668827 | I70: 2.831567 | M70: =COUNTIFS($B$5:$B$2000,B70,$C$5:$C$2000,C70)+COUNTIFS('GM Roster'!$B$5:$B$2000,B70,'GM Roster'!$C$5:$C$2000,C70) | N70: =IFERROR(INDEX('Known Players'!$C$5:$C$500,MATCH(B70&"|"&C70,'Known Players'!$F$5:$F$500,0)),"") | O70: =IFERROR(INDEX('Known Players'!$D$5:$D$500,MATCH(B70&"|"&C70,'Known Players'!$F$5:$F$500,0)),"") | P70: =IFERROR(INDEX('Known Players'!$G$5:$G$500,MATCH(B70&"|"&C70,'Known Players'!$F$5:$F$500,0)),"")
A71: 51 | B71: Asterknight | C71: exampleworld001 | D71: Horde | E71: 10 | F71: 10 | G71: 10 | H71: 45.901627 | I71: 13.627167 | L71: Synthetic example | M71: =COUNTIFS($B$5:$B$2000,B71,$C$5:$C$2000,C71)+COUNTIFS('GM Roster'!$B$5:$B$2000,B71,'GM Roster'!$C$5:$C$2000,C71) | N71: =IFERROR(INDEX('Known Players'!$C$5:$C$500,MATCH(B71&"|"&C71,'Known Players'!$F$5:$F$500,0)),"") | O71: =IFERROR(INDEX('Known Players'!$D$5:$D$500,MATCH(B71&"|"&C71,'Known Players'!$F$5:$F$500,0)),"") | P71: =IFERROR(INDEX('Known Players'!$G$5:$G$500,MATCH(B71&"|"&C71,'Known Players'!$F$5:$F$500,0)),"")
A72: 51 | B72: Player0129 | C72: ExampleWorld023 | D72: Horde | E72: 4 | F72: 1 | G72: 0 | H72: 32.968827 | I72: 15.161567 | L72: Synthetic example | M72: =COUNTIFS($B$5:$B$2000,B72,$C$5:$C$2000,C72)+COUNTIFS('GM Roster'!$B$5:$B$2000,B72,'GM Roster'!$C$5:$C$2000,C72) | N72: =IFERROR(INDEX('Known Players'!$C$5:$C$500,MATCH(B72&"|"&C72,'Known Players'!$F$5:$F$500,0)),"") | O72: =IFERROR(INDEX('Known Players'!$D$5:$D$500,MATCH(B72&"|"&C72,'Known Players'!$F$5:$F$500,0)),"") | P72: =IFERROR(INDEX('Known Players'!$G$5:$G$500,MATCH(B72&"|"&C72,'Known Players'!$F$5:$F$500,0)),"")
A73: 51 | B73: Player0606 | C73: ExampleWorld091 | D73: Horde | E73: 7 | F73: 4 | G73: 10 | H73: 27.488827 | I73: 13.243567 | M73: =COUNTIFS($B$5:$B$2000,B73,$C$5:$C$2000,C73)+COUNTIFS('GM Roster'!$B$5:$B$2000,B73,'GM Roster'!$C$5:$C$2000,C73) | N73: =IFERROR(INDEX('Known Players'!$C$5:$C$500,MATCH(B73&"|"&C73,'Known Players'!$F$5:$F$500,0)),"") | O73: =IFERROR(INDEX('Known Players'!$D$5:$D$500,MATCH(B73&"|"&C73,'Known Players'!$F$5:$F$500,0)),"") | P73: =IFERROR(INDEX('Known Players'!$G$5:$G$500,MATCH(B73&"|"&C73,'Known Players'!$F$5:$F$500,0)),"")
A74: 51 | B74: Player0941 | C74: ExampleWorld188 | D74: Horde | E74: 7 | F74: 7 | G74: 7 | H74: 27.488827 | I74: 169.97157 | M74: =COUNTIFS($B$5:$B$2000,B74,$C$5:$C$2000,C74)+COUNTIFS('GM Roster'!$B$5:$B$2000,B74,'GM Roster'!$C$5:$C$2000,C74) | N74: =IFERROR(INDEX('Known Players'!$C$5:$C$500,MATCH(B74&"|"&C74,'Known Players'!$F$5:$F$500,0)),"") | O74: =IFERROR(INDEX('Known Players'!$D$5:$D$500,MATCH(B74&"|"&C74,'Known Players'!$F$5:$F$500,0)),"") | P74: =IFERROR(INDEX('Known Players'!$G$5:$G$500,MATCH(B74&"|"&C74,'Known Players'!$F$5:$F$500,0)),"")
A75: 51 | B75: Player0786 | C75: ExampleWorld156 | D75: Horde | E75: 7 | F75: 4 | G75: 0 | H75: 24.474827 | I75: 5.571567 | M75: =COUNTIFS($B$5:$B$2000,B75,$C$5:$C$2000,C75)+COUNTIFS('GM Roster'!$B$5:$B$2000,B75,'GM Roster'!$C$5:$C$2000,C75) | N75: =IFERROR(INDEX('Known Players'!$C$5:$C$500,MATCH(B75&"|"&C75,'Known Players'!$F$5:$F$500,0)),"") | O75: =IFERROR(INDEX('Known Players'!$D$5:$D$500,MATCH(B75&"|"&C75,'Known Players'!$F$5:$F$500,0)),"") | P75: =IFERROR(INDEX('Known Players'!$G$5:$G$500,MATCH(B75&"|"&C75,'Known Players'!$F$5:$F$500,0)),"")
A76: 51 | B76: Player0026 | C76: ExampleWorld179 | D76: Horde | E76: 0 | F76: 10 | G76: 0 | H76: 23.104827 | I76: 115.17157 | M76: =COUNTIFS($B$5:$B$2000,B76,$C$5:$C$2000,C76)+COUNTIFS('GM Roster'!$B$5:$B$2000,B76,'GM Roster'!$C$5:$C$2000,C76) | N76: =IFERROR(INDEX('Known Players'!$C$5:$C$500,MATCH(B76&"|"&C76,'Known Players'!$F$5:$F$500,0)),"") | O76: =IFERROR(INDEX('Known Players'!$D$5:$D$500,MATCH(B76&"|"&C76,'Known Players'!$F$5:$F$500,0)),"") | P76: =IFERROR(INDEX('Known Players'!$G$5:$G$500,MATCH(B76&"|"&C76,'Known Players'!$F$5:$F$500,0)),"")
A77: 51 | B77: Player0900 | C77: exampleworld000 | D77: Horde | E77: 4 | F77: 4 | G77: 2 | H77: 21.186827 | I77: 6.941567 | K77: Realm not shown (same realm as you) | L77: Synthetic example | M77: =COUNTIFS($B$5:$B$2000,B77,$C$5:$C$2000,C77)+COUNTIFS('GM Roster'!$B$5:$B$2000,B77,'GM Roster'!$C$5:$C$2000,C77) | N77: =IFERROR(INDEX('Known Players'!$C$5:$C$500,MATCH(B77&"|"&C77,'Known Players'!$F$5:$F$500,0)),"") | O77: =IFERROR(INDEX('Known Players'!$D$5:$D$500,MATCH(B77&"|"&C77,'Known Players'!$F$5:$F$500,0)),"") | P77: =IFERROR(INDEX('Known Players'!$G$5:$G$500,MATCH(B77&"|"&C77,'Known Players'!$F$5:$F$500,0)),"")
A78: 51 | B78: Player0364 | C78: ExampleWorld196 | D78: Horde | E78: 2 | F78: 5 | G78: 2 | H78: 17.898827 | I78: 5.571567 | M78: =COUNTIFS($B$5:$B$2000,B78,$C$5:$C$2000,C78)+COUNTIFS('GM Roster'!$B$5:$B$2000,B78,'GM Roster'!$C$5:$C$2000,C78) | N78: =IFERROR(INDEX('Known Players'!$C$5:$C$500,MATCH(B78&"|"&C78,'Known Players'!$F$5:$F$500,0)),"") | O78: =IFERROR(INDEX('Known Players'!$D$5:$D$500,MATCH(B78&"|"&C78,'Known Players'!$F$5:$F$500,0)),"") | P78: =IFERROR(INDEX('Known Players'!$G$5:$G$500,MATCH(B78&"|"&C78,'Known Players'!$F$5:$F$500,0)),"")
A79: 51 | B79: Player0398 | C79: ExampleWorld196 | D79: Horde | E79: 0 | F79: 8 | G79: 4 | H79: 12.418827 | I79: 2.831567 | M79: =COUNTIFS($B$5:$B$2000,B79,$C$5:$C$2000,C79)+COUNTIFS('GM Roster'!$B$5:$B$2000,B79,'GM Roster'!$C$5:$C$2000,C79) | N79: =IFERROR(INDEX('Known Players'!$C$5:$C$500,MATCH(B79&"|"&C79,'Known Players'!$F$5:$F$500,0)),"") | O79: =IFERROR(INDEX('Known Players'!$D$5:$D$500,MATCH(B79&"|"&C79,'Known Players'!$F$5:$F$500,0)),"") | P79: =IFERROR(INDEX('Known Players'!$G$5:$G$500,MATCH(B79&"|"&C79,'Known Players'!$F$5:$F$500,0)),"")
A80: 51 | B80: Player0643 | C80: ExampleWorld150 | D80: Horde | E80: 0 | F80: 7 | G80: 7 | H80: 4.198827 | I80: 142.57157 | M80: =COUNTIFS($B$5:$B$2000,B80,$C$5:$C$2000,C80)+COUNTIFS('GM Roster'!$B$5:$B$2000,B80,'GM Roster'!$C$5:$C$2000,C80) | N80: =IFERROR(INDEX('Known Players'!$C$5:$C$500,MATCH(B80&"|"&C80,'Known Players'!$F$5:$F$500,0)),"") | O80: =IFERROR(INDEX('Known Players'!$D$5:$D$500,MATCH(B80&"|"&C80,'Known Players'!$F$5:$F$500,0)),"") | P80: =IFERROR(INDEX('Known Players'!$G$5:$G$500,MATCH(B80&"|"&C80,'Known Players'!$F$5:$F$500,0)),"")
A81: 51 | B81: Player0733 | C81: ExampleWorld109 | D81: Horde | E81: 4 | F81: 5 | G81: 4 | H81: 0.494347 | I81: 1.856127 | M81: =COUNTIFS($B$5:$B$2000,B81,$C$5:$C$2000,C81)+COUNTIFS('GM Roster'!$B$5:$B$2000,B81,'GM Roster'!$C$5:$C$2000,C81) | N81: =IFERROR(INDEX('Known Players'!$C$5:$C$500,MATCH(B81&"|"&C81,'Known Players'!$F$5:$F$500,0)),"") | O81: =IFERROR(INDEX('Known Players'!$D$5:$D$500,MATCH(B81&"|"&C81,'Known Players'!$F$5:$F$500,0)),"") | P81: =IFERROR(INDEX('Known Players'!$G$5:$G$500,MATCH(B81&"|"&C81,'Known Players'!$F$5:$F$500,0)),"")
A82: 51 | B82: Player0717 | C82: ExampleWorld176 | D82: Alliance | E82: 5 | F82: 8 | G82: 5 | H82: 71.328827 | I82: 19.545567 | M82: =COUNTIFS($B$5:$B$2000,B82,$C$5:$C$2000,C82)+COUNTIFS('GM Roster'!$B$5:$B$2000,B82,'GM Roster'!$C$5:$C$2000,C82) | N82: =IFERROR(INDEX('Known Players'!$C$5:$C$500,MATCH(B82&"|"&C82,'Known Players'!$F$5:$F$500,0)),"") | O82: =IFERROR(INDEX('Known Players'!$D$5:$D$500,MATCH(B82&"|"&C82,'Known Players'!$F$5:$F$500,0)),"") | P82: =IFERROR(INDEX('Known Players'!$G$5:$G$500,MATCH(B82&"|"&C82,'Known Players'!$F$5:$F$500,0)),"")
A83: 51 | B83: Player0874 | C83: ExampleWorld164 | D83: Alliance | E83: 10 | F83: 3 | G83: 5 | H83: 71.328827 | I83: 15.435567 | M83: =COUNTIFS($B$5:$B$2000,B83,$C$5:$C$2000,C83)+COUNTIFS('GM Roster'!$B$5:$B$2000,B83,'GM Roster'!$C$5:$C$2000,C83) | N83: =IFERROR(INDEX('Known Players'!$C$5:$C$500,MATCH(B83&"|"&C83,'Known Players'!$F$5:$F$500,0)),"") | O83: =IFERROR(INDEX('Known Players'!$D$5:$D$500,MATCH(B83&"|"&C83,'Known Players'!$F$5:$F$500,0)),"") | P83: =IFERROR(INDEX('Known Players'!$G$5:$G$500,MATCH(B83&"|"&C83,'Known Players'!$F$5:$F$500,0)),"")
A84: 51 | B84: Player0207 | C84: ExampleWorld066 | D84: Alliance | E84: 9 | F84: 4 | G84: 4 | H84: 68.588827 | I84: 13.243567 | M84: =COUNTIFS($B$5:$B$2000,B84,$C$5:$C$2000,C84)+COUNTIFS('GM Roster'!$B$5:$B$2000,B84,'GM Roster'!$C$5:$C$2000,C84) | N84: =IFERROR(INDEX('Known Players'!$C$5:$C$500,MATCH(B84&"|"&C84,'Known Players'!$F$5:$F$500,0)),"") | O84: =IFERROR(INDEX('Known Players'!$D$5:$D$500,MATCH(B84&"|"&C84,'Known Players'!$F$5:$F$500,0)),"") | P84: =IFERROR(INDEX('Known Players'!$G$5:$G$500,MATCH(B84&"|"&C84,'Known Players'!$F$5:$F$500,0)),"")
A85: 51 | B85: Player0246 | C85: ExampleWorld019 | D85: Alliance | E85: 0 | F85: 8 | G85: 2 | H85: 54.888827 | I85: 15.983567 | M85: =COUNTIFS($B$5:$B$2000,B85,$C$5:$C$2000,C85)+COUNTIFS('GM Roster'!$B$5:$B$2000,B85,'GM Roster'!$C$5:$C$2000,C85) | N85: =IFERROR(INDEX('Known Players'!$C$5:$C$500,MATCH(B85&"|"&C85,'Known Players'!$F$5:$F$500,0)),"") | O85: =IFERROR(INDEX('Known Players'!$D$5:$D$500,MATCH(B85&"|"&C85,'Known Players'!$F$5:$F$500,0)),"") | P85: =IFERROR(INDEX('Known Players'!$G$5:$G$500,MATCH(B85&"|"&C85,'Known Players'!$F$5:$F$500,0)),"")
A86: 51 | B86: Player0627 | C86: ExampleWorld175 | D86: Alliance | E86: 4 | F86: 4 | G86: 4 | H86: 52.148827 | I86: 4.201567 | M86: =COUNTIFS($B$5:$B$2000,B86,$C$5:$C$2000,C86)+COUNTIFS('GM Roster'!$B$5:$B$2000,B86,'GM Roster'!$C$5:$C$2000,C86) | N86: =IFERROR(INDEX('Known Players'!$C$5:$C$500,MATCH(B86&"|"&C86,'Known Players'!$F$5:$F$500,0)),"") | O86: =IFERROR(INDEX('Known Players'!$D$5:$D$500,MATCH(B86&"|"&C86,'Known Players'!$F$5:$F$500,0)),"") | P86: =IFERROR(INDEX('Known Players'!$G$5:$G$500,MATCH(B86&"|"&C86,'Known Players'!$F$5:$F$500,0)),"")
A87: 51 | B87: Player0388 | C87: PracticeRealm | D87: Alliance | E87: 4 | F87: 6 | G87: 7 | H87: 49.408827 | I87: 10.229567 | M87: =COUNTIFS($B$5:$B$2000,B87,$C$5:$C$2000,C87)+COUNTIFS('GM Roster'!$B$5:$B$2000,B87,'GM Roster'!$C$5:$C$2000,C87) | N87: =IFERROR(INDEX('Known Players'!$C$5:$C$500,MATCH(B87&"|"&C87,'Known Players'!$F$5:$F$500,0)),"") | O87: =IFERROR(INDEX('Known Players'!$D$5:$D$500,MATCH(B87&"|"&C87,'Known Players'!$F$5:$F$500,0)),"") | P87: =IFERROR(INDEX('Known Players'!$G$5:$G$500,MATCH(B87&"|"&C87,'Known Players'!$F$5:$F$500,0)),"")
A88: 51 | B88: Player0603 | C88: ExampleWorld164 | D88: Alliance | E88: 0 | F88: 5 | G88: 7 | H88: 49.408827 | I88: 19.545567 | L88: Synthetic example | M88: =COUNTIFS($B$5:$B$2000,B88,$C$5:$C$2000,C88)+COUNTIFS('GM Roster'!$B$5:$B$2000,B88,'GM Roster'!$C$5:$C$2000,C88) | N88: =IFERROR(INDEX('Known Players'!$C$5:$C$500,MATCH(B88&"|"&C88,'Known Players'!$F$5:$F$500,0)),"") | O88: =IFERROR(INDEX('Known Players'!$D$5:$D$500,MATCH(B88&"|"&C88,'Known Players'!$F$5:$F$500,0)),"") | P88: =IFERROR(INDEX('Known Players'!$G$5:$G$500,MATCH(B88&"|"&C88,'Known Players'!$F$5:$F$500,0)),"")
A89: 51 | B89: Player0136 | C89: ExampleWorld164 | D89: Alliance | E89: 2 | F89: 0 | G89: 10 | H89: 35.708827 | I89: 5.845567 | M89: =COUNTIFS($B$5:$B$2000,B89,$C$5:$C$2000,C89)+COUNTIFS('GM Roster'!$B$5:$B$2000,B89,'GM Roster'!$C$5:$C$2000,C89) | N89: =IFERROR(INDEX('Known Players'!$C$5:$C$500,MATCH(B89&"|"&C89,'Known Players'!$F$5:$F$500,0)),"") | O89: =IFERROR(INDEX('Known Players'!$D$5:$D$500,MATCH(B89&"|"&C89,'Known Players'!$F$5:$F$500,0)),"") | P89: =IFERROR(INDEX('Known Players'!$G$5:$G$500,MATCH(B89&"|"&C89,'Known Players'!$F$5:$F$500,0)),"")
A90: 51 | B90: Player0872 | C90: ExampleWorld037 | D90: Alliance | E90: 0 | F90: 4 | G90: 0 | H90: 30.228827 | I90: 137.09157 | M90: =COUNTIFS($B$5:$B$2000,B90,$C$5:$C$2000,C90)+COUNTIFS('GM Roster'!$B$5:$B$2000,B90,'GM Roster'!$C$5:$C$2000,C90) | N90: =IFERROR(INDEX('Known Players'!$C$5:$C$500,MATCH(B90&"|"&C90,'Known Players'!$F$5:$F$500,0)),"") | O90: =IFERROR(INDEX('Known Players'!$D$5:$D$500,MATCH(B90&"|"&C90,'Known Players'!$F$5:$F$500,0)),"") | P90: =IFERROR(INDEX('Known Players'!$G$5:$G$500,MATCH(B90&"|"&C90,'Known Players'!$F$5:$F$500,0)),"")
A91: 51 | B91: Player0439 | C91: ExampleWorld150 | D91: Alliance | E91: 10 | F91: 3 | G91: 9 | H91: 26.118827 | I91: 7.489567 | M91: =COUNTIFS($B$5:$B$2000,B91,$C$5:$C$2000,C91)+COUNTIFS('GM Roster'!$B$5:$B$2000,B91,'GM Roster'!$C$5:$C$2000,C91) | N91: =IFERROR(INDEX('Known Players'!$C$5:$C$500,MATCH(B91&"|"&C91,'Known Players'!$F$5:$F$500,0)),"") | O91: =IFERROR(INDEX('Known Players'!$D$5:$D$500,MATCH(B91&"|"&C91,'Known Players'!$F$5:$F$500,0)),"") | P91: =IFERROR(INDEX('Known Players'!$G$5:$G$500,MATCH(B91&"|"&C91,'Known Players'!$F$5:$F$500,0)),"")
A92: 51 | B92: Player0408 | C92: ExampleWorld150 | D92: Alliance | E92: 4 | F92: 8 | G92: 7 | H92: 25.296827 | I92: 3.105567 | L92: Synthetic example | M92: =COUNTIFS($B$5:$B$2000,B92,$C$5:$C$2000,C92)+COUNTIFS('GM Roster'!$B$5:$B$2000,B92,'GM Roster'!$C$5:$C$2000,C92) | N92: =IFERROR(INDEX('Known Players'!$C$5:$C$500,MATCH(B92&"|"&C92,'Known Players'!$F$5:$F$500,0)),"") | O92: =IFERROR(INDEX('Known Players'!$D$5:$D$500,MATCH(B92&"|"&C92,'Known Players'!$F$5:$F$500,0)),"") | P92: =IFERROR(INDEX('Known Players'!$G$5:$G$500,MATCH(B92&"|"&C92,'Known Players'!$F$5:$F$500,0)),"")
A93: 51 | B93: Player0336 | C93: ExampleWorld042 | D93: Alliance | E93: 10 | F93: 2 | G93: 10 | H93: 22.282827 | I93: 8.037567 | M93: =COUNTIFS($B$5:$B$2000,B93,$C$5:$C$2000,C93)+COUNTIFS('GM Roster'!$B$5:$B$2000,B93,'GM Roster'!$C$5:$C$2000,C93) | N93: =IFERROR(INDEX('Known Players'!$C$5:$C$500,MATCH(B93&"|"&C93,'Known Players'!$F$5:$F$500,0)),"") | O93: =IFERROR(INDEX('Known Players'!$D$5:$D$500,MATCH(B93&"|"&C93,'Known Players'!$F$5:$F$500,0)),"") | P93: =IFERROR(INDEX('Known Players'!$G$5:$G$500,MATCH(B93&"|"&C93,'Known Players'!$F$5:$F$500,0)),"")
A94: 51 | B94: Player0192 | C94: PracticeRealm | D94: Alliance | E94: 2 | F94: 5 | G94: 4 | H94: 21.460827 | I94: 2.563047 | M94: =COUNTIFS($B$5:$B$2000,B94,$C$5:$C$2000,C94)+COUNTIFS('GM Roster'!$B$5:$B$2000,B94,'GM Roster'!$C$5:$C$2000,C94) | N94: =IFERROR(INDEX('Known Players'!$C$5:$C$500,MATCH(B94&"|"&C94,'Known Players'!$F$5:$F$500,0)),"") | O94: =IFERROR(INDEX('Known Players'!$D$5:$D$500,MATCH(B94&"|"&C94,'Known Players'!$F$5:$F$500,0)),"") | P94: =IFERROR(INDEX('Known Players'!$G$5:$G$500,MATCH(B94&"|"&C94,'Known Players'!$F$5:$F$500,0)),"")
A95: 51 | B95: Player0082 | C95: ExampleWorld025 | D95: Alliance | E95: 0 | F95: 9 | G95: 0 | H95: 12.692827 | I95: 82.291567 | M95: =COUNTIFS($B$5:$B$2000,B95,$C$5:$C$2000,C95)+COUNTIFS('GM Roster'!$B$5:$B$2000,B95,'GM Roster'!$C$5:$C$2000,C95) | N95: =IFERROR(INDEX('Known Players'!$C$5:$C$500,MATCH(B95&"|"&C95,'Known Players'!$F$5:$F$500,0)),"") | O95: =IFERROR(INDEX('Known Players'!$D$5:$D$500,MATCH(B95&"|"&C95,'Known Players'!$F$5:$F$500,0)),"") | P95: =IFERROR(INDEX('Known Players'!$G$5:$G$500,MATCH(B95&"|"&C95,'Known Players'!$F$5:$F$500,0)),"")
A96: 51 | B96: Player0500 | C96: ExampleWorld168 | D96: Alliance | E96: 0 | F96: 9 | G96: 0 | H96: 1.283467 | I96: 115.17157 | M96: =COUNTIFS($B$5:$B$2000,B96,$C$5:$C$2000,C96)+COUNTIFS('GM Roster'!$B$5:$B$2000,B96,'GM Roster'!$C$5:$C$2000,C96) | N96: =IFERROR(INDEX('Known Players'!$C$5:$C$500,MATCH(B96&"|"&C96,'Known Players'!$F$5:$F$500,0)),"") | O96: =IFERROR(INDEX('Known Players'!$D$5:$D$500,MATCH(B96&"|"&C96,'Known Players'!$F$5:$F$500,0)),"") | P96: =IFERROR(INDEX('Known Players'!$G$5:$G$500,MATCH(B96&"|"&C96,'Known Players'!$F$5:$F$500,0)),"")
A97: 52 | B97: Player0171 | C97: ExampleWorld104 | D97: Horde | E97: 0 | F97: 7 | G97: 5 | H97: 35.708827 | I97: 7.215567 | M97: =COUNTIFS($B$5:$B$2000,B97,$C$5:$C$2000,C97)+COUNTIFS('GM Roster'!$B$5:$B$2000,B97,'GM Roster'!$C$5:$C$2000,C97) | N97: =IFERROR(INDEX('Known Players'!$C$5:$C$500,MATCH(B97&"|"&C97,'Known Players'!$F$5:$F$500,0)),"") | O97: =IFERROR(INDEX('Known Players'!$D$5:$D$500,MATCH(B97&"|"&C97,'Known Players'!$F$5:$F$500,0)),"") | P97: =IFERROR(INDEX('Known Players'!$G$5:$G$500,MATCH(B97&"|"&C97,'Known Players'!$F$5:$F$500,0)),"")
A98: 52 | B98: Player0625 | C98: PracticeRealm | D98: Horde | E98: 4 | F98: 4 | G98: 5 | H98: 35.708827 | I98: 5.845567 | M98: =COUNTIFS($B$5:$B$2000,B98,$C$5:$C$2000,C98)+COUNTIFS('GM Roster'!$B$5:$B$2000,B98,'GM Roster'!$C$5:$C$2000,C98) | N98: =IFERROR(INDEX('Known Players'!$C$5:$C$500,MATCH(B98&"|"&C98,'Known Players'!$F$5:$F$500,0)),"") | O98: =IFERROR(INDEX('Known Players'!$D$5:$D$500,MATCH(B98&"|"&C98,'Known Players'!$F$5:$F$500,0)),"") | P98: =IFERROR(INDEX('Known Players'!$G$5:$G$500,MATCH(B98&"|"&C98,'Known Players'!$F$5:$F$500,0)),"")
A99: 52 | B99: Emberguard | C99: SandboxRealm | D99: Horde | E99: 10 | F99: 6 | G99: 10 | H99: 32.968827 | I99: 5.297567 | M99: =COUNTIFS($B$5:$B$2000,B99,$C$5:$C$2000,C99)+COUNTIFS('GM Roster'!$B$5:$B$2000,B99,'GM Roster'!$C$5:$C$2000,C99) | N99: =IFERROR(INDEX('Known Players'!$C$5:$C$500,MATCH(B99&"|"&C99,'Known Players'!$F$5:$F$500,0)),"") | O99: =IFERROR(INDEX('Known Players'!$D$5:$D$500,MATCH(B99&"|"&C99,'Known Players'!$F$5:$F$500,0)),"") | P99: =IFERROR(INDEX('Known Players'!$G$5:$G$500,MATCH(B99&"|"&C99,'Known Players'!$F$5:$F$500,0)),"")
A100: 52 | B100: Player0654 | C100: ExampleWorld105 | D100: Horde | E100: 7 | F100: 0 | G100: 5 | H100: 32.968827 | I100: 5.571567 | M100: =COUNTIFS($B$5:$B$2000,B100,$C$5:$C$2000,C100)+COUNTIFS('GM Roster'!$B$5:$B$2000,B100,'GM Roster'!$C$5:$C$2000,C100) | N100: =IFERROR(INDEX('Known Players'!$C$5:$C$500,MATCH(B100&"|"&C100,'Known Players'!$F$5:$F$500,0)),"") | O100: =IFERROR(INDEX('Known Players'!$D$5:$D$500,MATCH(B100&"|"&C100,'Known Players'!$F$5:$F$500,0)),"") | P100: =IFERROR(INDEX('Known Players'!$G$5:$G$500,MATCH(B100&"|"&C100,'Known Players'!$F$5:$F$500,0)),"")
A101: 52 | B101: Player0356 | C101: ExampleWorld095 | D101: Horde | E101: 0 | F101: 4 | G101: 2 | H101: 25.844827 | I101: 2.741147 | M101: =COUNTIFS($B$5:$B$2000,B101,$C$5:$C$2000,C101)+COUNTIFS('GM Roster'!$B$5:$B$2000,B101,'GM Roster'!$C$5:$C$2000,C101) | N101: =IFERROR(INDEX('Known Players'!$C$5:$C$500,MATCH(B101&"|"&C101,'Known Players'!$F$5:$F$500,0)),"") | O101: =IFERROR(INDEX('Known Players'!$D$5:$D$500,MATCH(B101&"|"&C101,'Known Players'!$F$5:$F$500,0)),"") | P101: =IFERROR(INDEX('Known Players'!$G$5:$G$500,MATCH(B101&"|"&C101,'Known Players'!$F$5:$F$500,0)),"")
A102: 52 | B102: Player0078 | C102: SandboxRealm | D102: Horde | E102: 7 | F102: 0 | G102: 7 | H102: 25.296827 | I102: 7.489567 | M102: =COUNTIFS($B$5:$B$2000,B102,$C$5:$C$2000,C102)+COUNTIFS('GM Roster'!$B$5:$B$2000,B102,'GM Roster'!$C$5:$C$2000,C102) | N102: =IFERROR(INDEX('Known Players'!$C$5:$C$500,MATCH(B102&"|"&C102,'Known Players'!$F$5:$F$500,0)),"") | O102: =IFERROR(INDEX('Known Players'!$D$5:$D$500,MATCH(B102&"|"&C102,'Known Players'!$F$5:$F$500,0)),"") | P102: =IFERROR(INDEX('Known Players'!$G$5:$G$500,MATCH(B102&"|"&C102,'Known Players'!$F$5:$F$500,0)),"")
A103: 52 | B103: Player0547 | C103: SandboxRealm | D103: Horde | E103: 0 | F103: 0 | G103: 10 | H103: 22.282827 | I103: 13.791567 | J103: Carts captured: 1 | M103: =COUNTIFS($B$5:$B$2000,B103,$C$5:$C$2000,C103)+COUNTIFS('GM Roster'!$B$5:$B$2000,B103,'GM Roster'!$C$5:$C$2000,C103) | N103: =IFERROR(INDEX('Known Players'!$C$5:$C$500,MATCH(B103&"|"&C103,'Known Players'!$F$5:$F$500,0)),"") | O103: =IFERROR(INDEX('Known Players'!$D$5:$D$500,MATCH(B103&"|"&C103,'Known Players'!$F$5:$F$500,0)),"") | P103: =IFERROR(INDEX('Known Players'!$G$5:$G$500,MATCH(B103&"|"&C103,'Known Players'!$F$5:$F$500,0)),"")
A104: 52 | B104: Player0722 | C104: ExampleWorld140 | D104: Horde | E104: 0 | F104: 4 | G104: 0 | H104: 18.172827 | I104: 74.071567 | M104: =COUNTIFS($B$5:$B$2000,B104,$C$5:$C$2000,C104)+COUNTIFS('GM Roster'!$B$5:$B$2000,B104,'GM Roster'!$C$5:$C$2000,C104) | N104: =IFERROR(INDEX('Known Players'!$C$5:$C$500,MATCH(B104&"|"&C104,'Known Players'!$F$5:$F$500,0)),"") | O104: =IFERROR(INDEX('Known Players'!$D$5:$D$500,MATCH(B104&"|"&C104,'Known Players'!$F$5:$F$500,0)),"") | P104: =IFERROR(INDEX('Known Players'!$G$5:$G$500,MATCH(B104&"|"&C104,'Known Players'!$F$5:$F$500,0)),"")
A105: 52 | B105: Asterknight | C105: exampleworld001 | D105: Horde | E105: 0 | F105: 6 | G105: 10 | H105: 13.268227 | I105: 6.229167 | J105: Carts captured: 3 | M105: =COUNTIFS($B$5:$B$2000,B105,$C$5:$C$2000,C105)+COUNTIFS('GM Roster'!$B$5:$B$2000,B105,'GM Roster'!$C$5:$C$2000,C105) | N105: =IFERROR(INDEX('Known Players'!$C$5:$C$500,MATCH(B105&"|"&C105,'Known Players'!$F$5:$F$500,0)),"") | O105: =IFERROR(INDEX('Known Players'!$D$5:$D$500,MATCH(B105&"|"&C105,'Known Players'!$F$5:$F$500,0)),"") | P105: =IFERROR(INDEX('Known Players'!$G$5:$G$500,MATCH(B105&"|"&C105,'Known Players'!$F$5:$F$500,0)),"")
A106: 52 | B106: Player0065 | C106: PracticeRealm | D106: Horde | E106: 0 | F106: 0 | G106: 7 | H106: 13.240827 | I106: 1.225927 | M106: =COUNTIFS($B$5:$B$2000,B106,$C$5:$C$2000,C106)+COUNTIFS('GM Roster'!$B$5:$B$2000,B106,'GM Roster'!$C$5:$C$2000,C106) | N106: =IFERROR(INDEX('Known Players'!$C$5:$C$500,MATCH(B106&"|"&C106,'Known Players'!$F$5:$F$500,0)),"") | O106: =IFERROR(INDEX('Known Players'!$D$5:$D$500,MATCH(B106&"|"&C106,'Known Players'!$F$5:$F$500,0)),"") | P106: =IFERROR(INDEX('Known Players'!$G$5:$G$500,MATCH(B106&"|"&C106,'Known Players'!$F$5:$F$500,0)),"")
A107: 52 | B107: Player0398 | C107: ExampleWorld196 | D107: Horde | E107: 4 | F107: 3 | G107: 7 | H107: 8.582827 | I107: 1.623227 | M107: =COUNTIFS($B$5:$B$2000,B107,$C$5:$C$2000,C107)+COUNTIFS('GM Roster'!$B$5:$B$2000,B107,'GM Roster'!$C$5:$C$2000,C107) | N107: =IFERROR(INDEX('Known Players'!$C$5:$C$500,MATCH(B107&"|"&C107,'Known Players'!$F$5:$F$500,0)),"") | O107: =IFERROR(INDEX('Known Players'!$D$5:$D$500,MATCH(B107&"|"&C107,'Known Players'!$F$5:$F$500,0)),"") | P107: =IFERROR(INDEX('Known Players'!$G$5:$G$500,MATCH(B107&"|"&C107,'Known Players'!$F$5:$F$500,0)),"")
A108: 52 | B108: Player0733 | C108: ExampleWorld109 | D108: Horde | E108: 4 | F108: 6 | G108: 10 | H108: 5.020827 | I108: 6.393567 | M108: =COUNTIFS($B$5:$B$2000,B108,$C$5:$C$2000,C108)+COUNTIFS('GM Roster'!$B$5:$B$2000,B108,'GM Roster'!$C$5:$C$2000,C108) | N108: =IFERROR(INDEX('Known Players'!$C$5:$C$500,MATCH(B108&"|"&C108,'Known Players'!$F$5:$F$500,0)),"") | O108: =IFERROR(INDEX('Known Players'!$D$5:$D$500,MATCH(B108&"|"&C108,'Known Players'!$F$5:$F$500,0)),"") | P108: =IFERROR(INDEX('Known Players'!$G$5:$G$500,MATCH(B108&"|"&C108,'Known Players'!$F$5:$F$500,0)),"")
A109: 52 | B109: Player0334 | C109: ExampleWorld100 | D109: Horde | E109: 0 | F109: 6 | G109: 7 | H109: 2.105467 | I109: 9.955567 | M109: =COUNTIFS($B$5:$B$2000,B109,$C$5:$C$2000,C109)+COUNTIFS('GM Roster'!$B$5:$B$2000,B109,'GM Roster'!$C$5:$C$2000,C109) | N109: =IFERROR(INDEX('Known Players'!$C$5:$C$500,MATCH(B109&"|"&C109,'Known Players'!$F$5:$F$500,0)),"") | O109: =IFERROR(INDEX('Known Players'!$D$5:$D$500,MATCH(B109&"|"&C109,'Known Players'!$F$5:$F$500,0)),"") | P109: =IFERROR(INDEX('Known Players'!$G$5:$G$500,MATCH(B109&"|"&C109,'Known Players'!$F$5:$F$500,0)),"")
A110: 52 | B110: Player0832 | C110: SandboxRealm | D110: Horde | E110: 0 | F110: 3 | G110: 10 | H110: 0.814927 | I110: 74.071567 | M110: =COUNTIFS($B$5:$B$2000,B110,$C$5:$C$2000,C110)+COUNTIFS('GM Roster'!$B$5:$B$2000,B110,'GM Roster'!$C$5:$C$2000,C110) | N110: =IFERROR(INDEX('Known Players'!$C$5:$C$500,MATCH(B110&"|"&C110,'Known Players'!$F$5:$F$500,0)),"") | O110: =IFERROR(INDEX('Known Players'!$D$5:$D$500,MATCH(B110&"|"&C110,'Known Players'!$F$5:$F$500,0)),"") | P110: =IFERROR(INDEX('Known Players'!$G$5:$G$500,MATCH(B110&"|"&C110,'Known Players'!$F$5:$F$500,0)),"")
A111: 52 | B111: Player0224 | C111: ExampleWorld023 | D111: Horde | E111: 0 | F111: 0 | G111: 0 | H111: 0 | I111: 0 | K111: Zero stats: AFK | M111: =COUNTIFS($B$5:$B$2000,B111,$C$5:$C$2000,C111)+COUNTIFS('GM Roster'!$B$5:$B$2000,B111,'GM Roster'!$C$5:$C$2000,C111) | N111: =IFERROR(INDEX('Known Players'!$C$5:$C$500,MATCH(B111&"|"&C111,'Known Players'!$F$5:$F$500,0)),"") | O111: =IFERROR(INDEX('Known Players'!$D$5:$D$500,MATCH(B111&"|"&C111,'Known Players'!$F$5:$F$500,0)),"") | P111: =IFERROR(INDEX('Known Players'!$G$5:$G$500,MATCH(B111&"|"&C111,'Known Players'!$F$5:$F$500,0)),"")
A112: 52 | B112: Player0470 | C112: ExampleWorld164 | D112: Alliance | E112: 10 | F112: 2 | G112: 4 | H112: 63.108827 | I112: 14.887567 | M112: =COUNTIFS($B$5:$B$2000,B112,$C$5:$C$2000,C112)+COUNTIFS('GM Roster'!$B$5:$B$2000,B112,'GM Roster'!$C$5:$C$2000,C112) | N112: =IFERROR(INDEX('Known Players'!$C$5:$C$500,MATCH(B112&"|"&C112,'Known Players'!$F$5:$F$500,0)),"") | O112: =IFERROR(INDEX('Known Players'!$D$5:$D$500,MATCH(B112&"|"&C112,'Known Players'!$F$5:$F$500,0)),"") | P112: =IFERROR(INDEX('Known Players'!$G$5:$G$500,MATCH(B112&"|"&C112,'Known Players'!$F$5:$F$500,0)),"")
A113: 52 | B113: Player0714 | C113: ExampleWorld164 | D113: Alliance | E113: 3 | F113: 5 | G113: 0 | H113: 60.368827 | I113: 11.599567 | M113: =COUNTIFS($B$5:$B$2000,B113,$C$5:$C$2000,C113)+COUNTIFS('GM Roster'!$B$5:$B$2000,B113,'GM Roster'!$C$5:$C$2000,C113) | N113: =IFERROR(INDEX('Known Players'!$C$5:$C$500,MATCH(B113&"|"&C113,'Known Players'!$F$5:$F$500,0)),"") | O113: =IFERROR(INDEX('Known Players'!$D$5:$D$500,MATCH(B113&"|"&C113,'Known Players'!$F$5:$F$500,0)),"") | P113: =IFERROR(INDEX('Known Players'!$G$5:$G$500,MATCH(B113&"|"&C113,'Known Players'!$F$5:$F$500,0)),"")
A114: 52 | B114: Player0958 | C114: ExampleWorld056 | D114: Alliance | E114: 6 | F114: 2 | G114: 0 | H114: 54.888827 | I114: 17.627567 | J114: Carts captured: 1 | M114: =COUNTIFS($B$5:$B$2000,B114,$C$5:$C$2000,C114)+COUNTIFS('GM Roster'!$B$5:$B$2000,B114,'GM Roster'!$C$5:$C$2000,C114) | N114: =IFERROR(INDEX('Known Players'!$C$5:$C$500,MATCH(B114&"|"&C114,'Known Players'!$F$5:$F$500,0)),"") | O114: =IFERROR(INDEX('Known Players'!$D$5:$D$500,MATCH(B114&"|"&C114,'Known Players'!$F$5:$F$500,0)),"") | P114: =IFERROR(INDEX('Known Players'!$G$5:$G$500,MATCH(B114&"|"&C114,'Known Players'!$F$5:$F$500,0)),"")
A115: 52 | B115: Player0847 | C115: ExampleWorld097 | D115: Alliance | E115: 2 | F115: 2 | G115: 0 | H115: 38.448827 | I115: 1.151947 | M115: =COUNTIFS($B$5:$B$2000,B115,$C$5:$C$2000,C115)+COUNTIFS('GM Roster'!$B$5:$B$2000,B115,'GM Roster'!$C$5:$C$2000,C115) | N115: =IFERROR(INDEX('Known Players'!$C$5:$C$500,MATCH(B115&"|"&C115,'Known Players'!$F$5:$F$500,0)),"") | O115: =IFERROR(INDEX('Known Players'!$D$5:$D$500,MATCH(B115&"|"&C115,'Known Players'!$F$5:$F$500,0)),"") | P115: =IFERROR(INDEX('Known Players'!$G$5:$G$500,MATCH(B115&"|"&C115,'Known Players'!$F$5:$F$500,0)),"")
A116: 52 | B116: Player0033 | C116: ExampleWorld133 | D116: Alliance | E116: 10 | F116: 10 | G116: 0 | H116: 38.448827 | I116: 16.531567 | J116: Carts captured: 2 | M116: =COUNTIFS($B$5:$B$2000,B116,$C$5:$C$2000,C116)+COUNTIFS('GM Roster'!$B$5:$B$2000,B116,'GM Roster'!$C$5:$C$2000,C116) | N116: =IFERROR(INDEX('Known Players'!$C$5:$C$500,MATCH(B116&"|"&C116,'Known Players'!$F$5:$F$500,0)),"") | O116: =IFERROR(INDEX('Known Players'!$D$5:$D$500,MATCH(B116&"|"&C116,'Known Players'!$F$5:$F$500,0)),"") | P116: =IFERROR(INDEX('Known Players'!$G$5:$G$500,MATCH(B116&"|"&C116,'Known Players'!$F$5:$F$500,0)),"")
A117: 52 | B117: Player0323 | C117: ExampleWorld034 | D117: Alliance | E117: 10 | F117: 5 | G117: 4 | H117: 35.708827 | I117: 9.133567 | M117: =COUNTIFS($B$5:$B$2000,B117,$C$5:$C$2000,C117)+COUNTIFS('GM Roster'!$B$5:$B$2000,B117,'GM Roster'!$C$5:$C$2000,C117) | N117: =IFERROR(INDEX('Known Players'!$C$5:$C$500,MATCH(B117&"|"&C117,'Known Players'!$F$5:$F$500,0)),"") | O117: =IFERROR(INDEX('Known Players'!$D$5:$D$500,MATCH(B117&"|"&C117,'Known Players'!$F$5:$F$500,0)),"") | P117: =IFERROR(INDEX('Known Players'!$G$5:$G$500,MATCH(B117&"|"&C117,'Known Players'!$F$5:$F$500,0)),"")
A118: 52 | B118: Player0717 | C118: ExampleWorld176 | D118: Alliance | E118: 7 | F118: 1 | G118: 10 | H118: 35.708827 | I118: 8.859567 | J118: Carts captured: 1 | M118: =COUNTIFS($B$5:$B$2000,B118,$C$5:$C$2000,C118)+COUNTIFS('GM Roster'!$B$5:$B$2000,B118,'GM Roster'!$C$5:$C$2000,C118) | N118: =IFERROR(INDEX('Known Players'!$C$5:$C$500,MATCH(B118&"|"&C118,'Known Players'!$F$5:$F$500,0)),"") | O118: =IFERROR(INDEX('Known Players'!$D$5:$D$500,MATCH(B118&"|"&C118,'Known Players'!$F$5:$F$500,0)),"") | P118: =IFERROR(INDEX('Known Players'!$G$5:$G$500,MATCH(B118&"|"&C118,'Known Players'!$F$5:$F$500,0)),"")
A119: 52 | B119: Player0828 | C119: ExampleWorld179 | D119: Alliance | E119: 10 | F119: 9 | G119: 7 | H119: 25.296827 | I119: 12.147567 | J119: Carts captured: 1 | M119: =COUNTIFS($B$5:$B$2000,B119,$C$5:$C$2000,C119)+COUNTIFS('GM Roster'!$B$5:$B$2000,B119,'GM Roster'!$C$5:$C$2000,C119) | N119: =IFERROR(INDEX('Known Players'!$C$5:$C$500,MATCH(B119&"|"&C119,'Known Players'!$F$5:$F$500,0)),"") | O119: =IFERROR(INDEX('Known Players'!$D$5:$D$500,MATCH(B119&"|"&C119,'Known Players'!$F$5:$F$500,0)),"") | P119: =IFERROR(INDEX('Known Players'!$G$5:$G$500,MATCH(B119&"|"&C119,'Known Players'!$F$5:$F$500,0)),"")
A120: 52 | B120: Player0580 | C120: PracticeRealm | D120: Alliance | E120: 0 | F120: 0 | G120: 10 | H120: 20.090827 | I120: 7.489567 | J120: Carts captured: 1 | M120: =COUNTIFS($B$5:$B$2000,B120,$C$5:$C$2000,C120)+COUNTIFS('GM Roster'!$B$5:$B$2000,B120,'GM Roster'!$C$5:$C$2000,C120) | N120: =IFERROR(INDEX('Known Players'!$C$5:$C$500,MATCH(B120&"|"&C120,'Known Players'!$F$5:$F$500,0)),"") | O120: =IFERROR(INDEX('Known Players'!$D$5:$D$500,MATCH(B120&"|"&C120,'Known Players'!$F$5:$F$500,0)),"") | P120: =IFERROR(INDEX('Known Players'!$G$5:$G$500,MATCH(B120&"|"&C120,'Known Players'!$F$5:$F$500,0)),"")
...

Sheet PG Arena
A1: Asterknight — Arena Log
A2: Games 1-2 from REFlex; games 3+ from scoreboards.
A4: # | B4: Date | C4: Arena | D4: Bracket | E4: Result | F4: Partner | G4: Opponents | H4: Duration | I4: KB | J4: Damage (M) | K4: Healing (M) | L4: Conquest | M4: Notes
A5: 1 | B5: 47773 | C5: TTP | D5: 2v2 skirmish | E5: W | G5: 1 visible icon | H5: 1:17 | J5: 2.297267 | K5: 1.461567
A6: 2 | B6: 47774 | C6: TR | D6: 2v2 skirmish | E6: L | G6: 2 enemies | H6: 1:03 | J6: 2.532907 | K6: 2.546607
A7: 3 | B7: 47777 | D7: 2v2 skirmish (unrated, for weekly missions) | E7: W | F7: Player0680-ExampleWorld017 (Frost Death Knight) | G7: Player0400-ExampleWorld104 (Arms Warrior), Player0107-ExampleWorld104 (Mage) | I7: 7 | J7: 2.828827 | K7: 2.582227 | L7: 62 | M7: Synthetic example
A8: 4 | B8: 47777 | D8: 2v2 skirmish (unrated, for weekly missions) | E8: L | F8: Player0400-ExampleWorld104 (Arms Warrior) | G8: Player0107-ExampleWorld104 (Mage), Player0608-ExampleWorld023 (Warlock) | H8: ~2:00 | I8: 0 | J8: 2.513727 | K8: 2.467147 | L8: 0 | M8: Synthetic example
A9: 5 | B9: 47777 | D9: 2v2 skirmish (unrated, for weekly missions) | E9: W | F9: Player0928-ExampleWorld104 | G9: Player0572-ExampleWorld104, Player0686-ExampleWorld164 | I9: 4 | J9: 2.798687 | K9: 1.993127 | L9: 26 | M9: Synthetic example
A10: 6 | B10: 47777 | D10: 2v2 skirmish (unrated, for weekly missions) | E10: W | F10: Emberguard-SandboxRealm (Buddy A, MM Hunter) | G10: Player0079-ExampleWorld005, Player0944-ExampleWorld144 | I10: 0 | J10: 3.376827 | K10: 3.379567 | L10: 62 | M10: Synthetic example
A11: 7 | B11: 47777 | D11: 2v2 skirmish (unrated, for weekly missions) | E11: W | F11: Emberguard-SandboxRealm (Buddy A, MM Hunter) | G11: Player0878-ExampleWorld034, Player0128-ExampleWorld164 | I11: 0 | J11: 2.379467 | K11: 2.127387 | L11: 26 | M11: Synthetic example
A12: 8 | B12: 47777 | D12: 2v2 rated | E12: L | F12: Thornpaw-SandboxRealm (Buddy B, Player0724 Priest, New) | G12: Player0404-ExampleWorld139, Player0829-ExampleWorld164 (healer by stats) | I12: 0 | J12: 4.746827 | K12: 1.475267 | L12: 0 | M12: Synthetic example
A13: 9 | B13: 47777 | D13: 2v2 rated | E13: L | F13: Thornpaw-SandboxRealm (Buddy B, Player0724 Priest, New) | G13: Player0895-ExampleWorld102, Player0626-SandboxRealm (no healer by stats) | I13: 4 | J13: 4.746827 | K13: 3.927567 | L13: 0 | M13: Synthetic example
A14: 10 | B14: 47777 | D14: 2v2 skirmish (unrated, for weekly missions) | E14: L | F14: Thornpaw-SandboxRealm (Buddy B, Player0724 Priest, New) | G14: Player0013-ExampleWorld091, Player0876-PracticeRealm (both DPS by stats) | I14: 0 | J14: 3.102827 | K14: 3.927567 | L14: 0 | M14: Synthetic example
A15: 11 | B15: 47777 | D15: 2v2 rated | E15: L | F15: Thornpaw-SandboxRealm (Buddy B, Player0724 Priest, New) | G15: Player0181-ExampleWorld133, Player0947-SandboxRealm (no healer by stats) | I15: 0 | J15: 3.924827 | K15: 4.201567 | L15: 0 | M15: Synthetic example
A16: 12 | B16: 47777 | C16: Ashamane's Fall | D16: 2v2 skirmish (unrated, for weekly missions) | E16: W | F16: Player0057-ExampleWorld196 (pug, Unholy Death Knight) | G16: Playerë0649-ExampleWorld091 (BM Hunter), Player0857-ExampleWorld179 (Ret Paladin) | H16: 1:16 | I16: 0 | J16: 1.620487 | K16: 2.831567 | L16: 26 | M16: Synthetic example
A17: 13 | B17: 47777 | C17: Black Rook Hold Arena | D17: 2v2 (rated or skirmish: unverified) | E17: W | F17: Emberguard-SandboxRealm (Buddy A, MM Hunter) | G17: Player0841-ExampleWorld021 (Frost Mage), Player0300-ExampleWorld021 (MM Hunter) | H17: 0:33 | I17: 4 | J17: 2.489067 | K17: 2.916507 | M17: Synthetic example
A19: Record | B19: =COUNTIF(E5:E500,"W")&"-"&COUNTIF(E5:E500,"L")

Sheet GM Summary
A1: Mossweaver — Summary
A2: All values calculate from the GM Battlegrounds tab.
A3: Stat | B3: Value
A4: Games | B4: =COUNTA('GM Battlegrounds'!$D$5:$D$1000)
A5: Wins | B5: =COUNTIF('GM Battlegrounds'!$G$5:$G$1000,"W")
A6: Losses | B6: =COUNTIF('GM Battlegrounds'!$G$5:$G$1000,"L")
A7: Win rate | B7: =IF(B4=0,0,B5/B4)
A8: Total healing (M) | B8: =SUM('GM Battlegrounds'!$O$5:$O$1000)
A9: Avg healing per game (M) | B9: =AVERAGE('GM Battlegrounds'!$O$5:$O$1000)
A10: Healing per minute (M) | B10: =SUM('GM Battlegrounds'!$O$5:$O$1000)/(SUM('GM Battlegrounds'!$F$5:$F$1000)*1440)
A11: Best healing (M) | B11: =MAX('GM Battlegrounds'!$O$5:$O$1000)
A12: Total player0354 kills | B12: =SUM('GM Battlegrounds'!$L$5:$L$1000)
A13: Avg player0354 kills | B13: =AVERAGE('GM Battlegrounds'!$L$5:$L$1000)
A14: Total killing blows | B14: =SUM('GM Battlegrounds'!$K$5:$K$1000)
A15: Games with deaths tracked | B15: =COUNT('GM Battlegrounds'!$M$5:$M$1000)
A16: Avg deaths (tracked) | B16: =IF(B15=0,"",AVERAGE('GM Battlegrounds'!$M$5:$M$1000))
A17: Zero-death games (tracked) | B17: =COUNTIF('GM Battlegrounds'!$M$5:$M$1000,0)
A18: Avg healing vs next Horde healer | B18: =IFERROR(AVERAGE('GM Battlegrounds'!$V$5:$V$1000),"")
A19: Rated games | B19: =COUNTIF('GM Battlegrounds'!$H$5:$H$1000,"Yes")
A20: Total honor | B20: =SUM('GM Battlegrounds'!$Q$5:$Q$1000)
A23: By map type
A24: Map type | B24: Games | C24: Wins | D24: Win rate | E24: Avg healing (M) | F24: Healing / min (M) | G24: Avg HKs
A25: Bases | B25: =COUNTIF('GM Battlegrounds'!$E$5:$E$1000,A25) | C25: =COUNTIFS('GM Battlegrounds'!$E$5:$E$1000,A25,'GM Battlegrounds'!$G$5:$G$1000,"W") | D25: =IF(B25=0,"",C25/B25) | E25: =IF(B25=0,"",SUMIFS('GM Battlegrounds'!$O$5:$O$1000,'GM Battlegrounds'!$E$5:$E$1000,A25)/B25) | F25: =IFERROR(IF(B25=0,"",SUMIFS('GM Battlegrounds'!$O$5:$O$1000,'GM Battlegrounds'!$E$5:$E$1000,A25)/(SUMIFS('GM Battlegrounds'!$F$5:$F$1000,'GM Battlegrounds'!$E$5:$E$1000,A25)*1440)),"") | G25: =IF(B25=0,"",SUMIFS('GM Battlegrounds'!$L$5:$L$1000,'GM Battlegrounds'!$E$5:$E$1000,A25)/B25)
A26: Flag | B26: =COUNTIF('GM Battlegrounds'!$E$5:$E$1000,A26) | C26: =COUNTIFS('GM Battlegrounds'!$E$5:$E$1000,A26,'GM Battlegrounds'!$G$5:$G$1000,"W") | D26: =IF(B26=0,"",C26/B26) | E26: =IF(B26=0,"",SUMIFS('GM Battlegrounds'!$O$5:$O$1000,'GM Battlegrounds'!$E$5:$E$1000,A26)/B26) | F26: =IFERROR(IF(B26=0,"",SUMIFS('GM Battlegrounds'!$O$5:$O$1000,'GM Battlegrounds'!$E$5:$E$1000,A26)/(SUMIFS('GM Battlegrounds'!$F$5:$F$1000,'GM Battlegrounds'!$E$5:$E$1000,A26)*1440)),"") | G26: =IF(B26=0,"",SUMIFS('GM Battlegrounds'!$L$5:$L$1000,'GM Battlegrounds'!$E$5:$E$1000,A26)/B26)
A27: Flag + Bases | B27: =COUNTIF('GM Battlegrounds'!$E$5:$E$1000,A27) | C27: =COUNTIFS('GM Battlegrounds'!$E$5:$E$1000,A27,'GM Battlegrounds'!$G$5:$G$1000,"W") | D27: =IF(B27=0,"",C27/B27) | E27: =IF(B27=0,"",SUMIFS('GM Battlegrounds'!$O$5:$O$1000,'GM Battlegrounds'!$E$5:$E$1000,A27)/B27) | F27: =IFERROR(IF(B27=0,"",SUMIFS('GM Battlegrounds'!$O$5:$O$1000,'GM Battlegrounds'!$E$5:$E$1000,A27)/(SUMIFS('GM Battlegrounds'!$F$5:$F$1000,'GM Battlegrounds'!$E$5:$E$1000,A27)*1440)),"") | G27: =IF(B27=0,"",SUMIFS('GM Battlegrounds'!$L$5:$L$1000,'GM Battlegrounds'!$E$5:$E$1000,A27)/B27)
A28: Orbs | B28: =COUNTIF('GM Battlegrounds'!$E$5:$E$1000,A28) | C28: =COUNTIFS('GM Battlegrounds'!$E$5:$E$1000,A28,'GM Battlegrounds'!$G$5:$G$1000,"W") | D28: =IF(B28=0,"",C28/B28) | E28: =IF(B28=0,"",SUMIFS('GM Battlegrounds'!$O$5:$O$1000,'GM Battlegrounds'!$E$5:$E$1000,A28)/B28) | F28: =IFERROR(IF(B28=0,"",SUMIFS('GM Battlegrounds'!$O$5:$O$1000,'GM Battlegrounds'!$E$5:$E$1000,A28)/(SUMIFS('GM Battlegrounds'!$F$5:$F$1000,'GM Battlegrounds'!$E$5:$E$1000,A28)*1440)),"") | G28: =IF(B28=0,"",SUMIFS('GM Battlegrounds'!$L$5:$L$1000,'GM Battlegrounds'!$E$5:$E$1000,A28)/B28)
A29: Carts | B29: =COUNTIF('GM Battlegrounds'!$E$5:$E$1000,A29) | C29: =COUNTIFS('GM Battlegrounds'!$E$5:$E$1000,A29,'GM Battlegrounds'!$G$5:$G$1000,"W") | D29: =IF(B29=0,"",C29/B29) | E29: =IF(B29=0,"",SUMIFS('GM Battlegrounds'!$O$5:$O$1000,'GM Battlegrounds'!$E$5:$E$1000,A29)/B29) | F29: =IFERROR(IF(B29=0,"",SUMIFS('GM Battlegrounds'!$O$5:$O$1000,'GM Battlegrounds'!$E$5:$E$1000,A29)/(SUMIFS('GM Battlegrounds'!$F$5:$F$1000,'GM Battlegrounds'!$E$5:$E$1000,A29)*1440)),"") | G29: =IF(B29=0,"",SUMIFS('GM Battlegrounds'!$L$5:$L$1000,'GM Battlegrounds'!$E$5:$E$1000,A29)/B29)
A30: Epic | B30: =COUNTIF('GM Battlegrounds'!$E$5:$E$1000,A30) | C30: =COUNTIFS('GM Battlegrounds'!$E$5:$E$1000,A30,'GM Battlegrounds'!$G$5:$G$1000,"W") | D30: =IF(B30=0,"",C30/B30) | E30: =IF(B30=0,"",SUMIFS('GM Battlegrounds'!$O$5:$O$1000,'GM Battlegrounds'!$E$5:$E$1000,A30)/B30) | F30: =IFERROR(IF(B30=0,"",SUMIFS('GM Battlegrounds'!$O$5:$O$1000,'GM Battlegrounds'!$E$5:$E$1000,A30)/(SUMIFS('GM Battlegrounds'!$F$5:$F$1000,'GM Battlegrounds'!$E$5:$E$1000,A30)*1440)),"") | G30: =IF(B30=0,"",SUMIFS('GM Battlegrounds'!$L$5:$L$1000,'GM Battlegrounds'!$E$5:$E$1000,A30)/B30)
A32: Season ratings (Midnight Season 2, from the PvP panel)
A33: Bracket | B33: Current rating | C33: Season best | D33: Won | E33: Played | F33: Win rate
A34: Solo Shuffle (rounds) | B34: 1243 | C34: 1303 | D34: 47 | E34: 118 | F34: =IF(E34=0,"",D34/E34)
A35: Solo BG Blitz | B35: 860 | C35: 860 | D35: 3 | E35: 22 | F35: =IF(E35=0,"",D35/E35)
A36: 2v2 | B36: 479 | C36: 479 | D36: 5 | E36: 10 | F36: =IF(E36=0,"",D36/E36)
A37: 3v3 | B37: 1148 | C37: 1148 | D37: 12 | E37: 33 | F37: =IF(E37=0,"",D37/E37)
A38: 10v10 Rated BG | B38: 0 | C38: 0 | D38: 0 | E38: 0 | F38: =IF(E38=0,"",D38/E38)
A40: Snapshot from 10/20/2026; 2v2 updated 10/21 from a scoreboard (+95 win). Update when you check the PvP panel. Shuffle counts rounds, not lobbies.

Sheet GM Battlegrounds
A1: Mossweaver — Battleground Match Log
A2: Blue = entered data · Black = formulas · Green rows = wins, red rows = losses.
A4: Game # | B4: Date | C4: Time | D4: Battleground | E4: Map type | F4: Duration | G4: Result | H4: Rated? | I4: Our score | J4: Enemy score | K4: KB | L4: HK | M4: Deaths | N4: Damage (M) | O4: Healing (M) | P4: Healing / min (M) | Q4: Honor | R4: Conquest | S4: Role | T4: Healing rank | U4: Next Horde healer (M) | V4: Healing vs next healer | W4: Bases assaulted | X4: Flag captures | Y4: Carts controlled | Z4: Data source | AA4: Notes | AB4: PvP item level | AC4: Horde deaths | AD4: Alliance deaths | AE4: Healers (Horde vs Alliance) | AF4: Horde healing (M) | AG4: Alliance healing (M) | AH4: Premade on mains? | AI4: Teammates on mains
A5: 1 | B5: 47759 | C5: 05:05 PM | D5: Deephaul Ravine | E5: Carts | F5: 0.0058912037 | G5: L | K5: 4 | L5: 0 | N5: 3.952227 | O5: 65.659767 | P5: =IF(OR(F5="",F5=0),"",O5/(F5*1440)) | Q5: 177 | V5: =IF(U5="","",O5/U5) | Z5: REFlex
A6: 2 | B6: 47759 | C6: 05:25 PM | D6: Eye of the Storm | E6: Flag + Bases | F6: 0.0076736111 | G6: L | I6: 656 | J6: 1517 | K6: 0 | L6: 3 | M6: 10 | N6: 5.623627 | O6: 50.699367 | P6: =IF(OR(F6="",F6=0),"",O6/(F6*1440)) | Q6: 289 | S6: Healer | U6: 36 | V6: =IF(U6="","",O6/U6) | Z6: REFlex + scoreboard | AA6: Synthetic example | AH6: Yes | AI6: 2 of 3 (raid frames + visible roster)
A7: 3 | B7: 47759 | C7: 05:40 PM | D7: Deephaul Ravine | E7: Carts | F7: 0.0054166667 | G7: W | I7: 1517 | J7: 617 | K7: 0 | L7: 2 | M7: 0 | N7: 5.541427 | O7: 63.193767 | P7: =IF(OR(F7="",F7=0),"",O7/(F7*1440)) | Q7: 528 | S7: Healer / cart escort | U7: 55 | V7: =IF(U7="","",O7/U7) | Y7: 20 | Z7: REFlex + scoreboard | AA7: Synthetic example | AH7: Unknown | AI7: 1 of 3 (visible; Buddy D's status decides)
A8: 4 | B8: 47759 | C8: 05:55 PM | D8: Silvershard Mines | E8: Carts | F8: 0.0048611111 | G8: W | I8: 1517 | J8: 358 | K8: 7 | L8: 10 | M8: 0 | N8: 7.843027 | O8: 98.265767 | P8: =IF(OR(F8="",F8=0),"",O8/(F8*1440)) | Q8: 571 | S8: Healer | T8: 1st overall | U8: 33 | V8: =IF(U8="","",O8/U8) | Y8: 20 | Z8: REFlex + scoreboard | AA8: Synthetic example | AH8: Yes | AI8: 2 of 3 (raid frames + visible roster)
A9: 5 | B9: 47759 | C9: 06:12 PM | D9: Warsong Gulch | E9: Flag | F9: 0.0053587963 | G9: W | I9: 20 | J9: 0 | K9: 4 | L9: 0 | M9: 0 | N9: 6.664827 | O9: 45.383767 | P9: =IF(OR(F9="",F9=0),"",O9/(F9*1440)) | Q9: 699 | S9: Healer / FC escort | T9: 4th of 20 | U9: 39 | V9: =IF(U9="","",O9/U9) | X9: 0 | Z9: REFlex + scoreboard | AA9: Synthetic example | AH9: Yes | AI9: 2 of 4 (raid frames)
A10: 6 | B10: 47759 | C10: 06:25 PM | D10: Deephaul Ravine | E10: Carts | F10: 0.0045601852 | G10: W | I10: 1517 | J10: 489 | K10: 0 | L10: 4 | M10: 0 | N10: 8.254027 | O10: 70.125967 | P10: =IF(OR(F10="",F10=0),"",O10/(F10*1440)) | Q10: 533 | S10: Healer | U10: 43 | V10: =IF(U10="","",O10/U10) | Z10: REFlex + scoreboard | AA10: Synthetic example | AH10: Yes | AI10: 2 of 3 (raid frames + visible roster)
A11: 7 | B11: 47759 | C11: 06:45 PM | D11: Arathi Basin | E11: Bases | F11: 0.0073032407 | G11: W | K11: 0 | L11: 8 | N11: 4.856427 | O11: 53.411967 | P11: =IF(OR(F11="",F11=0),"",O11/(F11*1440)) | Q11: 672 | V11: =IF(U11="","",O11/U11) | Z11: REFlex
A12: 8 | B12: 47759 | C12: 06:58 PM | D12: Eye of the Storm | E12: Flag + Bases | F12: 0.0034837963 | G12: W | K12: 0 | L12: 2 | N12: 0.617647 | O12: 9.188367 | P12: =IF(OR(F12="",F12=0),"",O12/(F12*1440)) | Q12: 623 | V12: =IF(U12="","",O12/U12) | Z12: REFlex
A13: 9 | B13: 47759 | C13: 07:10 PM | D13: Temple of Kotmogu | E13: Orbs | F13: 0.0046296296 | G13: W | K13: 0 | L13: 1 | N13: 1.924627 | O13: 58.261767 | P13: =IF(OR(F13="",F13=0),"",O13/(F13*1440)) | Q13: 580 | V13: =IF(U13="","",O13/U13) | Z13: REFlex
A14: 10 | B14: 47759 | C14: 07:29 PM | D14: Temple of Kotmogu | E14: Orbs | F14: 0.0070601852 | G14: L | K14: 0 | L14: 10 | N14: 17.378227 | O14: 127.69337 | P14: =IF(OR(F14="",F14=0),"",O14/(F14*1440)) | Q14: 337 | V14: =IF(U14="","",O14/U14) | Z14: REFlex
A15: 11 | B15: 47759 | C15: 07:53 PM | D15: Silvershard Mines | E15: Carts | F15: 0.0056134259 | G15: W | K15: 0 | L15: 3 | N15: 3.513827 | O15: 40.259967 | P15: =IF(OR(F15="",F15=0),"",O15/(F15*1440)) | Q15: 579 | V15: =IF(U15="","",O15/U15) | Z15: REFlex
A16: 12 | B16: 47759 | C16: 08:09 PM | D16: Eye of the Storm | E16: Flag + Bases | F16: 0.0055671296 | G16: W | K16: 4 | L16: 0 | N16: 5.240027 | O16: 67.413367 | P16: =IF(OR(F16="",F16=0),"",O16/(F16*1440)) | Q16: 808 | V16: =IF(U16="","",O16/U16) | Z16: REFlex
A17: 13 | B17: 47759 | C17: 08:28 PM | D17: Temple of Kotmogu | E17: Orbs | F17: 0.0049652778 | G17: L | K17: 0 | L17: 1 | N17: 13.323027 | O17: 71.934367 | P17: =IF(OR(F17="",F17=0),"",O17/(F17*1440)) | Q17: 256 | V17: =IF(U17="","",O17/U17) | Z17: REFlex
A18: 14 | B18: 47760 | C18: 10:28 AM | D18: Eye of the Storm | E18: Flag + Bases | F18: 0.005462963 | G18: W | K18: 4 | L18: 10 | N18: 5.020827 | O18: 44.095967 | P18: =IF(OR(F18="",F18=0),"",O18/(F18*1440)) | Q18: 870 | V18: =IF(U18="","",O18/U18) | Z18: REFlex
A19: 15 | B19: 47760 | C19: 10:39 AM | D19: Temple of Kotmogu | E19: Orbs | F19: 0.0047916667 | G19: L | K19: 0 | L19: 0 | N19: 2.135607 | O19: 42.917767 | P19: =IF(OR(F19="",F19=0),"",O19/(F19*1440)) | Q19: 249 | V19: =IF(U19="","",O19/U19) | Z19: REFlex | AA19: Synthetic example
A20: 16 | B20: 47760 | C20: 10:56 AM | D20: Warsong Gulch | E20: Flag | F20: 0.010416667 | G20: L | K20: 0 | L20: 1 | N20: 19.049627 | O20: 147.64057 | P20: =IF(OR(F20="",F20=0),"",O20/(F20*1440)) | Q20: 402 | V20: =IF(U20="","",O20/U20) | Z20: REFlex
A21: 17 | B21: 47760 | C21: 11:35 AM | D21: Deepwind Gorge | E21: Bases | F21: 0.011759259 | G21: W | K21: 4 | L21: 6 | N21: 7.130627 | O21: 110.23957 | P21: =IF(OR(F21="",F21=0),"",O21/(F21*1440)) | Q21: 629 | V21: =IF(U21="","",O21/U21) | Z21: REFlex
A22: 18 | B22: 47760 | C22: 11:48 AM | D22: Temple of Kotmogu | E22: Orbs | F22: 0.0039814815 | G22: L | K22: 0 | L22: 8 | N22: 5.568827 | O22: 41.383367 | P22: =IF(OR(F22="",F22=0),"",O22/(F22*1440)) | Q22: 189 | V22: =IF(U22="","",O22/U22) | Z22: REFlex
A23: 19 | B23: 47760 | C23: 12:11 PM | D23: Arathi Basin | E23: Bases | F23: 0.0091898148 | G23: L | K23: 0 | L23: 7 | N23: 9.980227 | O23: 96.840967 | P23: =IF(OR(F23="",F23=0),"",O23/(F23*1440)) | Q23: 418 | V23: =IF(U23="","",O23/U23) | Z23: REFlex
A24: 20 | B24: 47760 | C24: 12:48 PM | D24: Twin Peaks | E24: Flag | F24: 0.010358796 | G24: L | K24: 0 | L24: 7 | N24: 4.034427 | O24: 57.713767 | P24: =IF(OR(F24="",F24=0),"",O24/(F24*1440)) | Q24: 433 | V24: =IF(U24="","",O24/U24) | Z24: REFlex
A25: 21 | B25: 47762 | C25: 05:22 PM | D25: Arathi Basin | E25: Bases | F25: 0.010891204 | G25: W | K25: 0 | L25: 2 | N25: 16.556227 | O25: 91.771967 | P25: =IF(OR(F25="",F25=0),"",O25/(F25*1440)) | Q25: 947 | V25: =IF(U25="","",O25/U25) | Z25: REFlex | AA25: Synthetic example
A26: 22 | B26: 47762 | C26: 05:47 PM | D26: Arathi Basin | E26: Bases | F26: 0.0085532407 | G26: L | K26: 0 | L26: 4 | N26: 6.856627 | O26: 36.560967 | P26: =IF(OR(F26="",F26=0),"",O26/(F26*1440)) | Q26: 430 | V26: =IF(U26="","",O26/U26) | Z26: REFlex | AA26: Synthetic example
A27: 23 | B27: 47762 | C27: 06:12 PM | D27: Arathi Basin | E27: Bases | F27: 0.011724537 | G27: L | K27: 0 | L27: 5 | N27: 13.377827 | O27: 122.18597 | P27: =IF(OR(F27="",F27=0),"",O27/(F27*1440)) | Q27: 561 | V27: =IF(U27="","",O27/U27) | Z27: REFlex | AA27: Synthetic example
A28: 24 | B28: 47762 | C28: 06:17 PM | D28: The Battle for Gilneas | E28: Bases | F28: 0.0017939815 | G28: W | K28: 0 | L28: 2 | N28: 3.157627 | O28: 24.888567 | P28: =IF(OR(F28="",F28=0),"",O28/(F28*1440)) | Q28: 843 | V28: =IF(U28="","",O28/U28) | Z28: REFlex
A29: 25 | B29: 47762 | C29: 06:30 PM | D29: Deephaul Ravine | E29: Carts | F29: 0.0043171296 | G29: W | K29: 4 | L29: 4 | N29: 2.119167 | O29: 52.096767 | P29: =IF(OR(F29="",F29=0),"",O29/(F29*1440)) | Q29: 515 | V29: =IF(U29="","",O29/U29) | Z29: REFlex
A30: 26 | B30: 47763 | C30: 06:11 PM | D30: Temple of Kotmogu | E30: Orbs | F30: 0.0061805556 | G30: W | K30: 4 | L30: 7 | N30: 8.473227 | O30: 93.799567 | P30: =IF(OR(F30="",F30=0),"",O30/(F30*1440)) | Q30: 856 | V30: =IF(U30="","",O30/U30) | Z30: REFlex
A31: 27 | B31: 47763 | C31: 06:29 PM | D31: Arathi Basin | E31: Bases | F31: 0.010011574 | G31: L | K31: 0 | L31: 9 | N31: 4.719427 | O31: 43.410967 | P31: =IF(OR(F31="",F31=0),"",O31/(F31*1440)) | Q31: 492 | V31: =IF(U31="","",O31/U31) | Z31: REFlex | AA31: Synthetic example
A32: 28 | B32: 47764 | C32: 07:13 PM | D32: Warsong Gulch | E32: Flag | F32: 0.004224537 | G32: W | K32: 4 | L32: 5 | N32: 4.308427 | O32: 20.970367 | P32: =IF(OR(F32="",F32=0),"",O32/(F32*1440)) | Q32: 940 | V32: =IF(U32="","",O32/U32) | Z32: REFlex
A33: 29 | B33: 47767 | C33: 03:44 PM | D33: Temple of Kotmogu | E33: Orbs | F33: 0.0020717593 | G33: L | H33: Yes | K33: 0 | L33: 0 | N33: 0.214867 | O33: 23.134967 | P33: =IF(OR(F33="",F33=0),"",O33/(F33*1440)) | Q33: 122 | V33: =IF(U33="","",O33/U33) | Z33: REFlex | AA33: Synthetic example
A34: 30 | B34: 47767 | C34: 05:08 PM | D34: Twin Peaks | E34: Flag | F34: 0.010046296 | G34: L | K34: 0 | L34: 6 | N34: 0.409407 | O34: 95.306567 | P34: =IF(OR(F34="",F34=0),"",O34/(F34*1440)) | Q34: 419 | V34: =IF(U34="","",O34/U34) | Z34: REFlex
A35: 31 | B35: 47767 | C35: 05:28 PM | D35: Silvershard Mines | E35: Carts | F35: 0.0060185185 | G35: W | K35: 0 | L35: 9 | N35: 2.050667 | O35: 28.614967 | P35: =IF(OR(F35="",F35=0),"",O35/(F35*1440)) | Q35: 771 | V35: =IF(U35="","",O35/U35) | Z35: REFlex
A36: 32 | B36: 47767 | C36: 06:20 PM | D36: Arathi Basin | E36: Bases | F36: 0.011678241 | G36: W | K36: 4 | L36: 2 | N36: 3.185027 | O36: 88.977167 | P36: =IF(OR(F36="",F36=0),"",O36/(F36*1440)) | Q36: 715 | V36: =IF(U36="","",O36/U36) | Z36: REFlex
A37: 33 | B37: 47767 | C37: 06:38 PM | D37: Eye of the Storm | E37: Flag + Bases | F37: 0.0067592593 | G37: W | K37: 0 | L37: 0 | N37: 1.151947 | O37: 9.215767 | P37: =IF(OR(F37="",F37=0),"",O37/(F37*1440)) | Q37: 788 | V37: =IF(U37="","",O37/U37) | Z37: REFlex
A38: 34 | B38: 47767 | C38: 06:51 PM | D38: Deephaul Ravine | E38: Carts | F38: 0.0058217593 | G38: L | K38: 0 | L38: 5 | N38: 0.497087 | O38: 72.701567 | P38: =IF(OR(F38="",F38=0),"",O38/(F38*1440)) | Q38: 206 | V38: =IF(U38="","",O38/U38) | Z38: REFlex
A39: 35 | B39: 47770 | C39: 04:56 PM | D39: Eye of the Storm | E39: Flag + Bases | F39: 0.0087615741 | G39: W | I39: 1517 | J39: 1213 | K39: 4 | L39: 4 | N39: 1.384847 | O39: 61.988167 | P39: =IF(OR(F39="",F39=0),"",O39/(F39*1440)) | Q39: 1427 | R39: 65 | S39: Healer | T39: 2nd of 30 | U39: 56 | V39: =IF(U39="","",O39/U39) | Z39: REFlex + scoreboard | AA39: Synthetic example | AH39: Yes | AI39: 2 of 2 (visible roster)
A40: 36 | B40: 47770 | C40: 05:11 PM | D40: Silvershard Mines | E40: Carts | F40: 0.0060763889 | G40: L | I40: 850 | J40: 1517 | K40: 0 | L40: 7 | M40: 0 | N40: 1.527327 | O40: 61.083967 | P40: =IF(OR(F40="",F40=0),"",O40/(F40*1440)) | Q40: 439 | S40: Healer / cart escort | T40: 3rd overall | V40: =IF(U40="","",O40/U40) | Y40: 18 | Z40: REFlex + scoreboard | AA40: Synthetic example
A41: 37 | B41: 47770 | C41: 05:22 PM | D41: Eye of the Storm | E41: Flag + Bases | F41: 0.0045486111 | G41: L | H41: Yes | I41: 563 | J41: 1517 | K41: 0 | L41: 5 | M41: 7 | N41: 1.020427 | O41: 53.740767 | P41: =IF(OR(F41="",F41=0),"",O41/(F41*1440)) | Q41: 230 | R41: 47 | S41: Healer (duo with Buddy B) | T41: 1st of 16 | U41: 33 | V41: =IF(U41="","",O41/U41) | Z41: REFlex + scoreboard | AA41: Synthetic example | AH41: No | AI41: 1 of 1 (full Blitz roster)
A42: 38 | B42: 47770 | C42: 05:37 PM | D42: Warsong Gulch | E42: Flag | F42: 0.0073032407 | G42: L | I42: 0 | J42: 20 | K42: 0 | L42: 0 | M42: 2 | N42: 0.089649 | O42: 124.18617 | P42: =IF(OR(F42="",F42=0),"",O42/(F42*1440)) | Q42: 507 | S42: Healer | T42: 2nd of 20 | U42: 48 | V42: =IF(U42="","",O42/U42) | X42: 0 | Z42: REFlex + scoreboard | AA42: Synthetic example | AH42: No | AI42: 1 of 1 (visible roster)
A43: 39 | B43: 47770 | C43: 05:50 PM | D43: Deepwind Gorge | E43: Bases | F43: 0.0053125 | G43: L | I43: 998 | J43: 1517 | K43: 4 | L43: 8 | M43: 0 | N43: 4.664627 | O43: 20.120967 | P43: =IF(OR(F43="",F43=0),"",O43/(F43*1440)) | Q43: 367 | S43: Healer (duo with Buddy B) | V43: =IF(U43="","",O43/U43) | W43: 18 | Z43: REFlex + scoreboard | AA43: Synthetic example
A44: 40 | B44: 47770 | C44: 06:05 PM | D44: Silvershard Mines | E44: Carts | F44: 0.007337963 | G44: L | H44: Yes | K44: 4 | L44: 6 | N44: 2.656207 | O44: 87.250967 | P44: =IF(OR(F44="",F44=0),"",O44/(F44*1440)) | Q44: 397 | V44: =IF(U44="","",O44/U44) | Z44: REFlex
A45: 41 | B45: 47776 | C45: 04:32 PM | D45: Deepwind Gorge (Legacy) | E45: Carts | F45: 0.0077083333 | G45: W | I45: 1517 | J45: 687 | K45: 4 | L45: 2 | M45: 10 | N45: 1.979427 | O45: 110.29437 | P45: =IF(OR(F45="",F45=0),"",O45/(F45*1440)) | Q45: 858 | R45: 89 | S45: Healer | T45: 1st of 30 | U45: 42 | V45: =IF(U45="","",O45/U45) | Y45: 0 | Z45: REFlex + scoreboard | AA45: Synthetic example | AC45: =SUMIFS('GM Roster'!$G$5:$G$2000,'GM Roster'!$A$5:$A$2000,$A45,'GM Roster'!$D$5:$D$2000,"Horde") | AD45: =SUMIFS('GM Roster'!$G$5:$G$2000,'GM Roster'!$A$5:$A$2000,$A45,'GM Roster'!$D$5:$D$2000,"Alliance") | AE45: 3 vs 3 | AF45: =SUMIFS('GM Roster'!$I$5:$I$2000,'GM Roster'!$A$5:$A$2000,$A45,'GM Roster'!$D$5:$D$2000,"Horde") | AG45: =SUMIFS('GM Roster'!$I$5:$I$2000,'GM Roster'!$A$5:$A$2000,$A45,'GM Roster'!$D$5:$D$2000,"Alliance") | AH45: =IF(COUNTIFS('GM Roster'!$A$5:$A$2000,$A45,'GM Roster'!$O$5:$O$2000,"Your premade")=0,"Solo",IF(AND(1+COUNTIFS('GM Roster'!$A$5:$A$2000,$A45,'GM Roster'!$O$5:$O$2000,"Your premade")>=3,COUNTIFS('GM Roster'!$A$5:$A$2000,$A45,'GM Roster'!$O$5:$O$2000,"Your premade",'GM Roster'!$P$5:$P$2000,"Established")>=2),"Yes","No")) | AI45: =COUNTIFS('GM Roster'!$A$5:$A$2000,$A45,'GM Roster'!$O$5:$O$2000,"Your premade",'GM Roster'!$P$5:$P$2000,"Established")&" of "&COUNTIFS('GM Roster'!$A$5:$A$2000,$A45,'GM Roster'!$O$5:$O$2000,"Your premade")
A46: 42 | B46: 47776 | D46: Temple of Kotmogu | E46: Orbs | G46: W | I46: 1517 | J46: 139 | K46: 0 | L46: 6 | M46: 0 | N46: 1.724607 | O46: 19.326367 | P46: =IF(OR(F46="",F46=0),"",O46/(F46*1440)) | Q46: 779 | R46: 137 | S46: Healer | T46: 2nd of 18 | U46: 25 | V46: =IF(U46="","",O46/U46) | Z46: Scoreboard (full roster) | AA46: Synthetic example | AC46: =SUMIFS('GM Roster'!$G$5:$G$2000,'GM Roster'!$A$5:$A$2000,$A46,'GM Roster'!$D$5:$D$2000,"Horde") | AD46: =SUMIFS('GM Roster'!$G$5:$G$2000,'GM Roster'!$A$5:$A$2000,$A46,'GM Roster'!$D$5:$D$2000,"Alliance") | AE46: 2 vs 2 | AF46: =SUMIFS('GM Roster'!$I$5:$I$2000,'GM Roster'!$A$5:$A$2000,$A46,'GM Roster'!$D$5:$D$2000,"Horde") | AG46: =SUMIFS('GM Roster'!$I$5:$I$2000,'GM Roster'!$A$5:$A$2000,$A46,'GM Roster'!$D$5:$D$2000,"Alliance") | AH46: =IF(COUNTIFS('GM Roster'!$A$5:$A$2000,$A46,'GM Roster'!$O$5:$O$2000,"Your premade")=0,"Solo",IF(AND(1+COUNTIFS('GM Roster'!$A$5:$A$2000,$A46,'GM Roster'!$O$5:$O$2000,"Your premade")>=3,COUNTIFS('GM Roster'!$A$5:$A$2000,$A46,'GM Roster'!$O$5:$O$2000,"Your premade",'GM Roster'!$P$5:$P$2000,"Established")>=2),"Yes","No")) | AI46: =COUNTIFS('GM Roster'!$A$5:$A$2000,$A46,'GM Roster'!$O$5:$O$2000,"Your premade",'GM Roster'!$P$5:$P$2000,"Established")&" of "&COUNTIFS('GM Roster'!$A$5:$A$2000,$A46,'GM Roster'!$O$5:$O$2000,"Your premade")
A47: 43 | B47: 47776 | D47: Alterac Valley | E47: Epic | G47: L | I47: 0 | J47: 685 | K47: 0 | L47: 5 | M47: 3 | N47: 0.203907 | O47: 149.06537 | P47: =IF(OR(F47="",F47=0),"",O47/(F47*1440)) | Q47: 468 | R47: 0 | S47: Healer | T47: 3rd of 79 | U47: 75 | V47: =IF(U47="","",O47/U47) | Z47: Scoreboard (partial roster) | AA47: Synthetic example | AE47: 3+ vs 6+ (visible only) | AH47: =IF(COUNTIFS('GM Roster'!$A$5:$A$2000,$A47,'GM Roster'!$O$5:$O$2000,"Your premade")=0,"Solo",IF(AND(1+COUNTIFS('GM Roster'!$A$5:$A$2000,$A47,'GM Roster'!$O$5:$O$2000,"Your premade")>=3,COUNTIFS('GM Roster'!$A$5:$A$2000,$A47,'GM Roster'!$O$5:$O$2000,"Your premade",'GM Roster'!$P$5:$P$2000,"Established")>=2),"Yes","No")) | AI47: =COUNTIFS('GM Roster'!$A$5:$A$2000,$A47,'GM Roster'!$O$5:$O$2000,"Your premade",'GM Roster'!$P$5:$P$2000,"Established")&" of "&COUNTIFS('GM Roster'!$A$5:$A$2000,$A47,'GM Roster'!$O$5:$O$2000,"Your premade")
A48: 44 | B48: 47776 | D48: Deepwind Gorge (Legacy) | E48: Carts | G48: W | I48: 1297 | J48: 512 | K48: 2 | L48: 2 | M48: 2 | N48: 8.528027 | O48: 112.45897 | P48: =IF(OR(F48="",F48=0),"",O48/(F48*1440)) | Q48: 613 | R48: 32 | S48: Healer | T48: 5th of 30 (3rd Horde) | U48: 65 | V48: =IF(U48="","",O48/U48) | Y48: 0 | Z48: Scoreboard (full roster) | AA48: Synthetic example | AC48: =SUMIFS('GM Roster'!$G$5:$G$2000,'GM Roster'!$A$5:$A$2000,$A48,'GM Roster'!$D$5:$D$2000,"Horde") | AD48: =SUMIFS('GM Roster'!$G$5:$G$2000,'GM Roster'!$A$5:$A$2000,$A48,'GM Roster'!$D$5:$D$2000,"Alliance") | AE48: 3 vs 4 | AF48: =SUMIFS('GM Roster'!$I$5:$I$2000,'GM Roster'!$A$5:$A$2000,$A48,'GM Roster'!$D$5:$D$2000,"Horde") | AG48: =SUMIFS('GM Roster'!$I$5:$I$2000,'GM Roster'!$A$5:$A$2000,$A48,'GM Roster'!$D$5:$D$2000,"Alliance") | AH48: =IF(COUNTIFS('GM Roster'!$A$5:$A$2000,$A48,'GM Roster'!$O$5:$O$2000,"Your premade")=0,"Solo",IF(AND(1+COUNTIFS('GM Roster'!$A$5:$A$2000,$A48,'GM Roster'!$O$5:$O$2000,"Your premade")>=3,COUNTIFS('GM Roster'!$A$5:$A$2000,$A48,'GM Roster'!$O$5:$O$2000,"Your premade",'GM Roster'!$P$5:$P$2000,"Established")>=2),"Yes","No")) | AI48: =COUNTIFS('GM Roster'!$A$5:$A$2000,$A48,'GM Roster'!$O$5:$O$2000,"Your premade",'GM Roster'!$P$5:$P$2000,"Established")&" of "&COUNTIFS('GM Roster'!$A$5:$A$2000,$A48,'GM Roster'!$O$5:$O$2000,"Your premade")
A49: 45 | B49: 47776 | D49: Deephaul Ravine | E49: Carts | G49: W | I49: 1517 | J49: 1308 | K49: 7 | L49: 2 | M49: 0 | N49: 3.185027 | O49: 99.608367 | P49: =IF(OR(F49="",F49=0),"",O49/(F49*1440)) | Q49: 483 | R49: 44 | S49: Healer | T49: 2nd of 20 | U49: 47 | V49: =IF(U49="","",O49/U49) | Y49: 0 | Z49: Scoreboard (full roster) | AA49: Synthetic example | AC49: =SUMIFS('GM Roster'!$G$5:$G$2000,'GM Roster'!$A$5:$A$2000,$A49,'GM Roster'!$D$5:$D$2000,"Horde") | AD49: =SUMIFS('GM Roster'!$G$5:$G$2000,'GM Roster'!$A$5:$A$2000,$A49,'GM Roster'!$D$5:$D$2000,"Alliance") | AE49: 2 vs 3 | AF49: =SUMIFS('GM Roster'!$I$5:$I$2000,'GM Roster'!$A$5:$A$2000,$A49,'GM Roster'!$D$5:$D$2000,"Horde") | AG49: =SUMIFS('GM Roster'!$I$5:$I$2000,'GM Roster'!$A$5:$A$2000,$A49,'GM Roster'!$D$5:$D$2000,"Alliance") | AH49: =IF(COUNTIFS('GM Roster'!$A$5:$A$2000,$A49,'GM Roster'!$O$5:$O$2000,"Your premade")=0,"Solo",IF(AND(1+COUNTIFS('GM Roster'!$A$5:$A$2000,$A49,'GM Roster'!$O$5:$O$2000,"Your premade")>=3,COUNTIFS('GM Roster'!$A$5:$A$2000,$A49,'GM Roster'!$O$5:$O$2000,"Your premade",'GM Roster'!$P$5:$P$2000,"Established")>=2),"Yes","No")) | AI49: =COUNTIFS('GM Roster'!$A$5:$A$2000,$A49,'GM Roster'!$O$5:$O$2000,"Your premade",'GM Roster'!$P$5:$P$2000,"Established")&" of "&COUNTIFS('GM Roster'!$A$5:$A$2000,$A49,'GM Roster'!$O$5:$O$2000,"Your premade")
A50: 46 | B50: 47776 | D50: Flag map (verify in REFlex) | E50: Flag | G50: W | I50: 20 | J50: 0 | K50: 0 | L50: 7 | M50: 4 | N50: 3.541227 | O50: 106.97897 | P50: =IF(OR(F50="",F50=0),"",O50/(F50*1440)) | Q50: 528 | R50: 44 | S50: Healer | T50: 3rd of 20 (1st Horde) | U50: 52 | V50: =IF(U50="","",O50/U50) | X50: 0 | Z50: Scoreboard (full roster) | AA50: Synthetic example | AB50: 361 | AC50: =SUMIFS('GM Roster'!$G$5:$G$2000,'GM Roster'!$A$5:$A$2000,$A50,'GM Roster'!$D$5:$D$2000,"Horde") | AD50: =SUMIFS('GM Roster'!$G$5:$G$2000,'GM Roster'!$A$5:$A$2000,$A50,'GM Roster'!$D$5:$D$2000,"Alliance") | AE50: 2 vs 2 | AF50: =SUMIFS('GM Roster'!$I$5:$I$2000,'GM Roster'!$A$5:$A$2000,$A50,'GM Roster'!$D$5:$D$2000,"Horde") | AG50: =SUMIFS('GM Roster'!$I$5:$I$2000,'GM Roster'!$A$5:$A$2000,$A50,'GM Roster'!$D$5:$D$2000,"Alliance") | AH50: =IF(COUNTIFS('GM Roster'!$A$5:$A$2000,$A50,'GM Roster'!$O$5:$O$2000,"Your premade")=0,"Solo",IF(AND(1+COUNTIFS('GM Roster'!$A$5:$A$2000,$A50,'GM Roster'!$O$5:$O$2000,"Your premade")>=3,COUNTIFS('GM Roster'!$A$5:$A$2000,$A50,'GM Roster'!$O$5:$O$2000,"Your premade",'GM Roster'!$P$5:$P$2000,"Established")>=2),"Yes","No")) | AI50: =COUNTIFS('GM Roster'!$A$5:$A$2000,$A50,'GM Roster'!$O$5:$O$2000,"Your premade",'GM Roster'!$P$5:$P$2000,"Established")&" of "&COUNTIFS('GM Roster'!$A$5:$A$2000,$A50,'GM Roster'!$O$5:$O$2000,"Your premade")
A51: 47 | B51: 47776 | D51: Deepwind Gorge (Legacy) | E51: Carts | G51: L | I51: 437 | J51: 1517 | K51: 0 | L51: 9 | M51: 4 | N51: 2.154787 | O51: 74.893567 | P51: =IF(OR(F51="",F51=0),"",O51/(F51*1440)) | Q51: 290 | R51: 0 | S51: Healer | T51: 1st of 28 | U51: 37 | V51: =IF(U51="","",O51/U51) | Y51: 0 | Z51: Scoreboard (full roster) | AA51: Synthetic example | AB51: 361 | AC51: =SUMIFS('GM Roster'!$G$5:$G$2000,'GM Roster'!$A$5:$A$2000,$A51,'GM Roster'!$D$5:$D$2000,"Horde") | AD51: =SUMIFS('GM Roster'!$G$5:$G$2000,'GM Roster'!$A$5:$A$2000,$A51,'GM Roster'!$D$5:$D$2000,"Alliance") | AE51: 2 vs 3 | AF51: =SUMIFS('GM Roster'!$I$5:$I$2000,'GM Roster'!$A$5:$A$2000,$A51,'GM Roster'!$D$5:$D$2000,"Horde") | AG51: =SUMIFS('GM Roster'!$I$5:$I$2000,'GM Roster'!$A$5:$A$2000,$A51,'GM Roster'!$D$5:$D$2000,"Alliance") | AH51: =IF(COUNTIFS('GM Roster'!$A$5:$A$2000,$A51,'GM Roster'!$O$5:$O$2000,"Your premade")=0,"Solo",IF(AND(1+COUNTIFS('GM Roster'!$A$5:$A$2000,$A51,'GM Roster'!$O$5:$O$2000,"Your premade")>=3,COUNTIFS('GM Roster'!$A$5:$A$2000,$A51,'GM Roster'!$O$5:$O$2000,"Your premade",'GM Roster'!$P$5:$P$2000,"Established")>=2),"Yes","No")) | AI51: =COUNTIFS('GM Roster'!$A$5:$A$2000,$A51,'GM Roster'!$O$5:$O$2000,"Your premade",'GM Roster'!$P$5:$P$2000,"Established")&" of "&COUNTIFS('GM Roster'!$A$5:$A$2000,$A51,'GM Roster'!$O$5:$O$2000,"Your premade")
A52: 48 | B52: 47776 | D52: Deepwind Gorge (Legacy) | E52: Carts | G52: W | I52: 1517 | J52: 1097 | K52: 4 | L52: 9 | M52: 0 | N52: 10.418627 | O52: 81.990167 | P52: =IF(OR(F52="",F52=0),"",O52/(F52*1440)) | Q52: 709 | R52: 32 | S52: Healer | T52: 3rd of 30 (2nd Horde) | U52: 52 | V52: =IF(U52="","",O52/U52) | Y52: 0 | Z52: Scoreboard (full roster) | AA52: Synthetic example | AB52: 361 | AC52: =SUMIFS('GM Roster'!$G$5:$G$2000,'GM Roster'!$A$5:$A$2000,$A52,'GM Roster'!$D$5:$D$2000,"Horde") | AD52: =SUMIFS('GM Roster'!$G$5:$G$2000,'GM Roster'!$A$5:$A$2000,$A52,'GM Roster'!$D$5:$D$2000,"Alliance") | AE52: 3 vs 3 | AF52: =SUMIFS('GM Roster'!$I$5:$I$2000,'GM Roster'!$A$5:$A$2000,$A52,'GM Roster'!$D$5:$D$2000,"Horde") | AG52: =SUMIFS('GM Roster'!$I$5:$I$2000,'GM Roster'!$A$5:$A$2000,$A52,'GM Roster'!$D$5:$D$2000,"Alliance") | AH52: =IF(COUNTIFS('GM Roster'!$A$5:$A$2000,$A52,'GM Roster'!$O$5:$O$2000,"Your premade")=0,"Solo",IF(AND(1+COUNTIFS('GM Roster'!$A$5:$A$2000,$A52,'GM Roster'!$O$5:$O$2000,"Your premade")>=3,COUNTIFS('GM Roster'!$A$5:$A$2000,$A52,'GM Roster'!$O$5:$O$2000,"Your premade",'GM Roster'!$P$5:$P$2000,"Established")>=2),"Yes","No")) | AI52: =COUNTIFS('GM Roster'!$A$5:$A$2000,$A52,'GM Roster'!$O$5:$O$2000,"Your premade",'GM Roster'!$P$5:$P$2000,"Established")&" of "&COUNTIFS('GM Roster'!$A$5:$A$2000,$A52,'GM Roster'!$O$5:$O$2000,"Your premade")
A53: 49 | B53: 47776 | D53: Deephaul Ravine | E53: Carts | G53: W | I53: 1517 | J53: 227 | K53: 0 | L53: 5 | M53: 0 | N53: 1.793107 | O53: 13.818967 | P53: =IF(OR(F53="",F53=0),"",O53/(F53*1440)) | Q53: 352 | R53: 44 | S53: Healer | T53: 3rd of 20 | U53: 29 | V53: =IF(U53="","",O53/U53) | Y53: 0 | Z53: Scoreboard (full roster) | AA53: Synthetic example | AB53: 361 | AC53: =SUMIFS('GM Roster'!$G$5:$G$2000,'GM Roster'!$A$5:$A$2000,$A53,'GM Roster'!$D$5:$D$2000,"Horde") | AD53: =SUMIFS('GM Roster'!$G$5:$G$2000,'GM Roster'!$A$5:$A$2000,$A53,'GM Roster'!$D$5:$D$2000,"Alliance") | AE53: 2 vs 2 | AF53: =SUMIFS('GM Roster'!$I$5:$I$2000,'GM Roster'!$A$5:$A$2000,$A53,'GM Roster'!$D$5:$D$2000,"Horde") | AG53: =SUMIFS('GM Roster'!$I$5:$I$2000,'GM Roster'!$A$5:$A$2000,$A53,'GM Roster'!$D$5:$D$2000,"Alliance") | AH53: =IF(COUNTIFS('GM Roster'!$A$5:$A$2000,$A53,'GM Roster'!$O$5:$O$2000,"Your premade")=0,"Solo",IF(AND(1+COUNTIFS('GM Roster'!$A$5:$A$2000,$A53,'GM Roster'!$O$5:$O$2000,"Your premade")>=3,COUNTIFS('GM Roster'!$A$5:$A$2000,$A53,'GM Roster'!$O$5:$O$2000,"Your premade",'GM Roster'!$P$5:$P$2000,"Established")>=2),"Yes","No")) | AI53: =COUNTIFS('GM Roster'!$A$5:$A$2000,$A53,'GM Roster'!$O$5:$O$2000,"Your premade",'GM Roster'!$P$5:$P$2000,"Established")&" of "&COUNTIFS('GM Roster'!$A$5:$A$2000,$A53,'GM Roster'!$O$5:$O$2000,"Your premade")
A54: 50 | B54: 47776 | D54: Flag map (verify in REFlex) | E54: Flag | G54: L | I54: 0 | J54: 20 | K54: 0 | L54: 2 | M54: 7 | N54: 3.404227 | O54: 102.26617 | P54: =IF(OR(F54="",F54=0),"",O54/(F54*1440)) | Q54: 354 | R54: 0 | S54: Healer | T54: 1st of 20 | U54: 43 | V54: =IF(U54="","",O54/U54) | X54: 0 | Z54: Scoreboard (full roster) | AA54: Synthetic example | AB54: 361 | AC54: =SUMIFS('GM Roster'!$G$5:$G$2000,'GM Roster'!$A$5:$A$2000,$A54,'GM Roster'!$D$5:$D$2000,"Horde") | AD54: =SUMIFS('GM Roster'!$G$5:$G$2000,'GM Roster'!$A$5:$A$2000,$A54,'GM Roster'!$D$5:$D$2000,"Alliance") | AE54: 2 vs 2 | AF54: =SUMIFS('GM Roster'!$I$5:$I$2000,'GM Roster'!$A$5:$A$2000,$A54,'GM Roster'!$D$5:$D$2000,"Horde") | AG54: =SUMIFS('GM Roster'!$I$5:$I$2000,'GM Roster'!$A$5:$A$2000,$A54,'GM Roster'!$D$5:$D$2000,"Alliance") | AH54: =IF(COUNTIFS('GM Roster'!$A$5:$A$2000,$A54,'GM Roster'!$O$5:$O$2000,"Your premade")=0,"Solo",IF(AND(1+COUNTIFS('GM Roster'!$A$5:$A$2000,$A54,'GM Roster'!$O$5:$O$2000,"Your premade")>=3,COUNTIFS('GM Roster'!$A$5:$A$2000,$A54,'GM Roster'!$O$5:$O$2000,"Your premade",'GM Roster'!$P$5:$P$2000,"Established")>=2),"Yes","No")) | AI54: =COUNTIFS('GM Roster'!$A$5:$A$2000,$A54,'GM Roster'!$O$5:$O$2000,"Your premade",'GM Roster'!$P$5:$P$2000,"Established")&" of "&COUNTIFS('GM Roster'!$A$5:$A$2000,$A54,'GM Roster'!$O$5:$O$2000,"Your premade")

Sheet GM Arena
A1: Mossweaver — Arena Log
A2: From REFlex unless noted (games 28-31 from scoreboards). Bracket inferred from team size and rating column. 4 older rows were not visible in the screenshots.
A4: # | B4: Date | C4: Time | D4: Arena | E4: Bracket | F4: Result | G4: Shuffle rounds | H4: Team MMR | I4: Enemy MMR | J4: Duration | K4: Damage (M) | L4: Healing (M) | M4: Rating change | N4: Notes
A5: 1 | B5: 47760 | C5: 10:17 AM | D5: TR | E5: 3v3 skirmish | F5: W | J5: 0.0016898148 | K5: 1.716387 | L5: 13.873767
A6: 2 | B6: 47764 | C6: 06:54 PM | D6: CoC | E6: 3v3 | F6: W | H6: 1814 | I6: 1798 | J6: 0 | K6: 0 | L6: 0 | M6: 113 | N6: Synthetic example
A7: 3 | B7: 47764 | C7: 06:58 PM | D7: TA | E7: 3v3 | F7: L | H7: 1848 | I7: 1725 | J7: 0.0011342593 | K7: 1.209487 | L7: 14.175167 | M7: 0
A8: 4 | B8: 47764 | C8: 07:01 PM | D8: EC | E8: 3v3 | F8: L | H8: 1800 | I8: 1847 | J8: 0.00087962963 | K8: 1.338267 | L8: 12.969567 | M8: 0
A9: 5 | B9: 47764 | C9: 07:16 PM | D9: HP | E9: 3v3 | F9: W | H9: 1776 | I9: 1861 | J9: 0.00083333333 | K9: 1.223187 | L9: 10.558367 | M9: 113
A10: 6 | B10: 47764 | C10: 07:20 PM | D10: NA | E10: 3v3 | F10: L | H10: 1868 | I10: 1939 | J10: 0.00097222222 | K10: 1.913667 | L10: 13.051767 | M10: 0
A11: 7 | B11: 47764 | C11: 07:23 PM | D11: AF | E11: 3v3 | F11: W | H11: 1846 | I11: 1976 | J11: 0.00083333333 | K11: 1.699947 | L11: 11.626967 | M11: 113
A12: 8 | B12: 47764 | C12: 07:28 PM | D12: NA | E12: 3v3 | F12: W | H12: 1912 | I12: 1891 | J12: 0.00063657407 | K12: 1.083447 | L12: 7.544367 | M12: 113
A13: 9 | B13: 47764 | C13: 07:32 PM | D13: ED | E13: 3v3 | F13: L | H13: 1941 | I13: 1803 | J13: 0.001412037 | K13: 1.590347 | L13: 20.422367 | M13: 0
A14: 10 | B14: 47764 | C14: 07:36 PM | D14: AF | E14: 3v3 | F14: W | H14: 1873 | I14: 1875 | J14: 0.0012037037 | K14: 1.825987 | L14: 28.313567 | M14: 113
A15: 11 | B15: 47764 | C15: 07:41 PM | D15: NPG | E15: 3v3 | F15: L | H15: 1900 | I15: 1856 | J15: 0.00069444444 | K15: 0 | L15: 12.065367 | M15: 0
A16: 12 | B16: 47764 | C16: 07:47 PM | D16: TR | E16: 3v3 | F16: W | H16: 1859 | I16: 1834 | J16: 0.0011342593 | K16: 1.247847 | L16: 16.312367 | M16: 112
A17: 13 | B17: 47764 | C17: 07:50 PM | D17: EC | E17: 3v3 | F17: L | H17: 1888 | I17: 1817 | J17: 0.00048611111 | K17: 1.058787 | L17: 3.900167 | M17: 0
A18: 14 | B18: 47764 | C18: 07:54 PM | D18: TR | E18: 3v3 | F18: W | H18: 1840 | I18: 1772 | J18: 0.001099537 | K18: 1.341007 | L18: 20.915567 | M18: 111
A19: 15 | B19: 47767 | C19: 01:35 PM | D19: CoC | E19: Solo Shuffle | G19: 3-3 (as displayed) | H19: 1354 | I19: 1360 | K19: 12.144827 | L19: 140.26997 | M19: 69 | N19: Synthetic example
A20: 16 | B20: 47767 | C20: 01:52 PM | D20: NPG | E20: Solo Shuffle | G20: 2-4 (as displayed) | H20: 1332 | I20: 1349 | K20: 5.568827 | L20: 88.949767 | M20: 5 | N20: Synthetic example
A21: 17 | B21: 47767 | C21: 02:51 PM | D21: BRHA | E21: Solo Shuffle | G21: 1-5 | H21: 1309 | I21: 1336 | K21: 1.171127 | L21: 125.69317 | M21: -31
A22: 18 | B22: 47767 | C22: 03:11 PM | D22: M | E22: Solo Shuffle | G22: 3-3 | H22: 1260 | I22: 1246 | K22: 1.050567 | L22: 169.42357 | M22: 0 | N22: Synthetic example
A23: 19 | B23: 47767 | C23: 03:24 PM | D23: EC | E23: 3v3 skirmish | F23: W | J23: 0.0016782407 | K23: 0.806707 | L23: 22.532167
A24: 20 | B24: 47767 | C24: 03:37 PM | D24: TA | E24: 3v3 skirmish | F24: W | J24: 0.0051736111 | K24: 2.543867 | L24: 72.427567
A25: 21 | B25: 47767 | C25: 04:46 PM | D25: HP | E25: 2v2 | F25: W | H25: 1674 | I25: 1758 | J25: 0.0010763889 | K25: 1.253327 | L25: 11.435167 | M25: 113
A26: 22 | B26: 47767 | C26: 05:11 PM | D26: CoC | E26: 3v3 | F26: L | H26: 1781 | I26: 2018 | J26: 0.0011226852 | K26: 0.245007 | L26: 20.038767 | M26: 0
A27: 23 | B27: 47767 | C27: 05:15 PM | D27: HP | E27: 2v2 | F27: W | H27: 1782 | I27: 1187 | J27: 0.00091435185 | K27: 0.902607 | L27: 8.969167 | M27: 113
A28: 24 | B28: 47767 | C28: 05:35 PM | D28: DS | E28: 2v2 | F28: W | H28: 1791 | I28: 1505 | J28: 0.0035185185 | K28: 1.088927 | L28: 20.778567 | M28: 113
A29: 25 | B29: 47767 | C29: 05:46 PM | D29: CoC | E29: 2v2 | F29: L | H29: 1831 | I29: 1367 | J29: 0.002025463 | K29: 0.392967 | L29: 19.572967 | M29: 0
A30: 26 | B30: 47767 | C30: 05:51 PM | D30: MC | E30: 2v2 | F30: L | H30: 1519 | I30: 1752 | J30: 0.0014351852 | K30: 0.505307 | L30: 15.243767 | M30: 0
A31: 27 | B31: 47767 | C31: 05:55 PM | D31: TA | E31: 2v2 | F31: L | H31: 1474 | I31: 1964 | J31: 0.0019791667 | K31: 0.198427 | L31: 13.024367 | M31: 0
A32: 28 | B32: 47777 | E32: 3v3 skirmish | F32: W | K32: 0.365567 | L32: 8.585567 | N32: Synthetic example
A33: 29 | B33: 47777 | E33: 2v2 | F33: W | H33: 1249 | I33: 1203 | K33: 2.447967 | L33: 27.491567 | M33: 112 | N33: Synthetic example
A34: 30 | B34: 47777 | E34: 3v3 skirmish | F34: L | K34: 0.694367 | L34: 20.367567 | N34: Synthetic example
A35: 31 | B35: 47777 | E35: 2v2 | F35: L | H35: 1391 | I35: 1443 | K35: 0.543667 | L35: 2.831567 | M35: 0 | N35: Synthetic example
A37: Bracket summary
A38: Bracket | B38: Games | C38: Wins | D38: Losses | E38: Win rate | F38: Avg healing (M)
A39: 2v2 | B39: =COUNTIF($E$5:$E$35,A39) | C39: =COUNTIFS($E$5:$E$35,A39,$F$5:$F$35,"W") | D39: =COUNTIFS($E$5:$E$35,A39,$F$5:$F$35,"L") | E39: =IF(C39+D39=0,"",C39/(C39+D39)) | F39: =IF(B39=0,"",AVERAGEIF($E$5:$E$35,A39,$L$5:$L$35))
A40: 3v3 | B40: =COUNTIF($E$5:$E$35,A40) | C40: =COUNTIFS($E$5:$E$35,A40,$F$5:$F$35,"W") | D40: =COUNTIFS($E$5:$E$35,A40,$F$5:$F$35,"L") | E40: =IF(C40+D40=0,"",C40/(C40+D40)) | F40: =IF(B40=0,"",AVERAGEIF($E$5:$E$35,A40,$L$5:$L$35))
A41: 3v3 skirmish | B41: =COUNTIF($E$5:$E$35,A41) | C41: =COUNTIFS($E$5:$E$35,A41,$F$5:$F$35,"W") | D41: =COUNTIFS($E$5:$E$35,A41,$F$5:$F$35,"L") | E41: =IF(C41+D41=0,"",C41/(C41+D41)) | F41: =IF(B41=0,"",AVERAGEIF($E$5:$E$35,A41,$L$5:$L$35))
A42: Solo Shuffle | B42: =COUNTIF($E$5:$E$35,A42) | C42: =COUNTIFS($E$5:$E$35,A42,$F$5:$F$35,"W") | D42: =COUNTIFS($E$5:$E$35,A42,$F$5:$F$35,"L") | E42: =IF(C42+D42=0,"",C42/(C42+D42)) | F42: =IF(B42=0,"",AVERAGEIF($E$5:$E$35,A42,$L$5:$L$35))
A44: Shuffle W/L is by rounds, so it's left out of the win rate. Season shuffle stats (from the PvP panel): 47 of 118 rounds won, best rating 1303.

Sheet GM Roster
A1: Mossweaver – Match Rosters
A2: Game # links to GM Battlegrounds. 'Times seen' counts appearances across both characters' rosters.
A4: Game # | B4: Player | C4: Realm | D4: Faction | E4: KB | F4: HK | G4: Deaths | H4: Damage (M) | I4: Healing (M) | J4: Objective | K4: Notes | M4: Times seen | N4: Person | O4: Group | P4: Status
A5: 41 | B5: Mossweaver | C5: exampleworld001 | D5: Horde | E5: 4 | F5: 2 | G5: 10 | H5: 1.979427 | I5: 110.29437 | J5: Carts captured: 0 | M5: =COUNTIFS($B$5:$B$2000,B5,$C$5:$C$2000,C5)+COUNTIFS('PG Roster'!$B$5:$B$2000,B5,'PG Roster'!$C$5:$C$2000,C5) | N5: =IFERROR(INDEX('Known Players'!$C$5:$C$500,MATCH(B5&"|"&C5,'Known Players'!$F$5:$F$500,0)),"") | O5: =IFERROR(INDEX('Known Players'!$D$5:$D$500,MATCH(B5&"|"&C5,'Known Players'!$F$5:$F$500,0)),"") | P5: =IFERROR(INDEX('Known Players'!$G$5:$G$500,MATCH(B5&"|"&C5,'Known Players'!$F$5:$F$500,0)),"")
A6: 41 | B6: Player0114 | C6: ExampleWorld005 | D6: Alliance | E6: 10 | F6: 8 | G6: 4 | H6: 10.774827 | I6: 82.291567 | J6: Carts captured: 1 | M6: =COUNTIFS($B$5:$B$2000,B6,$C$5:$C$2000,C6)+COUNTIFS('PG Roster'!$B$5:$B$2000,B6,'PG Roster'!$C$5:$C$2000,C6) | N6: =IFERROR(INDEX('Known Players'!$C$5:$C$500,MATCH(B6&"|"&C6,'Known Players'!$F$5:$F$500,0)),"") | O6: =IFERROR(INDEX('Known Players'!$D$5:$D$500,MATCH(B6&"|"&C6,'Known Players'!$F$5:$F$500,0)),"") | P6: =IFERROR(INDEX('Known Players'!$G$5:$G$500,MATCH(B6&"|"&C6,'Known Players'!$F$5:$F$500,0)),"")
A7: 41 | B7: Player0386 | C7: ExampleWorld136 | D7: Horde | E7: 4 | F7: 6 | G7: 7 | H7: 3.924827 | I7: 68.591567 | J7: Carts captured: 1 | M7: =COUNTIFS($B$5:$B$2000,B7,$C$5:$C$2000,C7)+COUNTIFS('PG Roster'!$B$5:$B$2000,B7,'PG Roster'!$C$5:$C$2000,C7) | N7: =IFERROR(INDEX('Known Players'!$C$5:$C$500,MATCH(B7&"|"&C7,'Known Players'!$F$5:$F$500,0)),"") | O7: =IFERROR(INDEX('Known Players'!$D$5:$D$500,MATCH(B7&"|"&C7,'Known Players'!$F$5:$F$500,0)),"") | P7: =IFERROR(INDEX('Known Players'!$G$5:$G$500,MATCH(B7&"|"&C7,'Known Players'!$F$5:$F$500,0)),"")
A8: 41 | B8: Player0691 | C8: SandboxRealm | D8: Alliance | E8: 0 | F8: 5 | G8: 10 | H8: 2.606887 | I8: 49.411567 | J8: Carts captured: 1 | M8: =COUNTIFS($B$5:$B$2000,B8,$C$5:$C$2000,C8)+COUNTIFS('PG Roster'!$B$5:$B$2000,B8,'PG Roster'!$C$5:$C$2000,C8) | N8: =IFERROR(INDEX('Known Players'!$C$5:$C$500,MATCH(B8&"|"&C8,'Known Players'!$F$5:$F$500,0)),"") | O8: =IFERROR(INDEX('Known Players'!$D$5:$D$500,MATCH(B8&"|"&C8,'Known Players'!$F$5:$F$500,0)),"") | P8: =IFERROR(INDEX('Known Players'!$G$5:$G$500,MATCH(B8&"|"&C8,'Known Players'!$F$5:$F$500,0)),"")
A9: 41 | B9: Player0210 | C9: ExampleWorld067 | D9: Alliance | E9: 0 | F9: 2 | G9: 5 | H9: 3.650827 | I9: 38.451567 | M9: =COUNTIFS($B$5:$B$2000,B9,$C$5:$C$2000,C9)+COUNTIFS('PG Roster'!$B$5:$B$2000,B9,'PG Roster'!$C$5:$C$2000,C9) | N9: =IFERROR(INDEX('Known Players'!$C$5:$C$500,MATCH(B9&"|"&C9,'Known Players'!$F$5:$F$500,0)),"") | O9: =IFERROR(INDEX('Known Players'!$D$5:$D$500,MATCH(B9&"|"&C9,'Known Players'!$F$5:$F$500,0)),"") | P9: =IFERROR(INDEX('Known Players'!$G$5:$G$500,MATCH(B9&"|"&C9,'Known Players'!$F$5:$F$500,0)),"")
A10: 41 | B10: Player0105 | C10: ExampleWorld103 | D10: Horde | E10: 0 | F10: 8 | G10: 4 | H10: 10.500827 | I10: 35.711567 | J10: Carts captured: 2 | M10: =COUNTIFS($B$5:$B$2000,B10,$C$5:$C$2000,C10)+COUNTIFS('PG Roster'!$B$5:$B$2000,B10,'PG Roster'!$C$5:$C$2000,C10) | N10: =IFERROR(INDEX('Known Players'!$C$5:$C$500,MATCH(B10&"|"&C10,'Known Players'!$F$5:$F$500,0)),"") | O10: =IFERROR(INDEX('Known Players'!$D$5:$D$500,MATCH(B10&"|"&C10,'Known Players'!$F$5:$F$500,0)),"") | P10: =IFERROR(INDEX('Known Players'!$G$5:$G$500,MATCH(B10&"|"&C10,'Known Players'!$F$5:$F$500,0)),"")
A11: 41 | B11: Player0749 | C11: SandboxRealm | D11: Horde | E11: 4 | F11: 6 | G11: 2 | H11: 35.708827 | I11: 27.491567 | J11: Carts captured: 1 | M11: =COUNTIFS($B$5:$B$2000,B11,$C$5:$C$2000,C11)+COUNTIFS('PG Roster'!$B$5:$B$2000,B11,'PG Roster'!$C$5:$C$2000,C11) | N11: =IFERROR(INDEX('Known Players'!$C$5:$C$500,MATCH(B11&"|"&C11,'Known Players'!$F$5:$F$500,0)),"") | O11: =IFERROR(INDEX('Known Players'!$D$5:$D$500,MATCH(B11&"|"&C11,'Known Players'!$F$5:$F$500,0)),"") | P11: =IFERROR(INDEX('Known Players'!$G$5:$G$500,MATCH(B11&"|"&C11,'Known Players'!$F$5:$F$500,0)),"")
A12: 41 | B12: Snowflare | C12: SandboxRealm | D12: Horde | E12: 10 | F12: 0 | G12: 10 | H12: 54.888827 | I12: 20.915567 | M12: =COUNTIFS($B$5:$B$2000,B12,$C$5:$C$2000,C12)+COUNTIFS('PG Roster'!$B$5:$B$2000,B12,'PG Roster'!$C$5:$C$2000,C12) | N12: =IFERROR(INDEX('Known Players'!$C$5:$C$500,MATCH(B12&"|"&C12,'Known Players'!$F$5:$F$500,0)),"") | O12: =IFERROR(INDEX('Known Players'!$D$5:$D$500,MATCH(B12&"|"&C12,'Known Players'!$F$5:$F$500,0)),"") | P12: =IFERROR(INDEX('Known Players'!$G$5:$G$500,MATCH(B12&"|"&C12,'Known Players'!$F$5:$F$500,0)),"")
A13: 41 | B13: Player0852 | C13: ExampleWorld005 | D13: Alliance | E13: 2 | F13: 2 | G13: 4 | H13: 74.068827 | I13: 16.805567 | M13: =COUNTIFS($B$5:$B$2000,B13,$C$5:$C$2000,C13)+COUNTIFS('PG Roster'!$B$5:$B$2000,B13,'PG Roster'!$C$5:$C$2000,C13) | N13: =IFERROR(INDEX('Known Players'!$C$5:$C$500,MATCH(B13&"|"&C13,'Known Players'!$F$5:$F$500,0)),"") | O13: =IFERROR(INDEX('Known Players'!$D$5:$D$500,MATCH(B13&"|"&C13,'Known Players'!$F$5:$F$500,0)),"") | P13: =IFERROR(INDEX('Known Players'!$G$5:$G$500,MATCH(B13&"|"&C13,'Known Players'!$F$5:$F$500,0)),"")
A14: 41 | B14: Player0032 | C14: ExampleWorld143 | D14: Horde | E14: 10 | F14: 0 | G14: 10 | H14: 35.708827 | I14: 16.531567 | J14: Carts captured: 1 | M14: =COUNTIFS($B$5:$B$2000,B14,$C$5:$C$2000,C14)+COUNTIFS('PG Roster'!$B$5:$B$2000,B14,'PG Roster'!$C$5:$C$2000,C14) | N14: =IFERROR(INDEX('Known Players'!$C$5:$C$500,MATCH(B14&"|"&C14,'Known Players'!$F$5:$F$500,0)),"") | O14: =IFERROR(INDEX('Known Players'!$D$5:$D$500,MATCH(B14&"|"&C14,'Known Players'!$F$5:$F$500,0)),"") | P14: =IFERROR(INDEX('Known Players'!$G$5:$G$500,MATCH(B14&"|"&C14,'Known Players'!$F$5:$F$500,0)),"")
A15: 41 | B15: Player0024 | C15: ExampleWorld164 | D15: Alliance | E15: 0 | F15: 5 | G15: 10 | H15: 23.652827 | I15: 15.435567 | M15: =COUNTIFS($B$5:$B$2000,B15,$C$5:$C$2000,C15)+COUNTIFS('PG Roster'!$B$5:$B$2000,B15,'PG Roster'!$C$5:$C$2000,C15) | N15: =IFERROR(INDEX('Known Players'!$C$5:$C$500,MATCH(B15&"|"&C15,'Known Players'!$F$5:$F$500,0)),"") | O15: =IFERROR(INDEX('Known Players'!$D$5:$D$500,MATCH(B15&"|"&C15,'Known Players'!$F$5:$F$500,0)),"") | P15: =IFERROR(INDEX('Known Players'!$G$5:$G$500,MATCH(B15&"|"&C15,'Known Players'!$F$5:$F$500,0)),"")
A16: 41 | B16: Player0884 | C16: ExampleWorld035 | D16: Horde | E16: 5 | F16: 8 | G16: 7 | H16: 35.708827 | I16: 14.887567 | J16: Carts captured: 1 | M16: =COUNTIFS($B$5:$B$2000,B16,$C$5:$C$2000,C16)+COUNTIFS('PG Roster'!$B$5:$B$2000,B16,'PG Roster'!$C$5:$C$2000,C16) | N16: =IFERROR(INDEX('Known Players'!$C$5:$C$500,MATCH(B16&"|"&C16,'Known Players'!$F$5:$F$500,0)),"") | O16: =IFERROR(INDEX('Known Players'!$D$5:$D$500,MATCH(B16&"|"&C16,'Known Players'!$F$5:$F$500,0)),"") | P16: =IFERROR(INDEX('Known Players'!$G$5:$G$500,MATCH(B16&"|"&C16,'Known Players'!$F$5:$F$500,0)),"")
A17: 41 | B17: Player0157 | C17: ExampleWorld165 | D17: Horde | E17: 4 | F17: 7 | G17: 0 | H17: 25.844827 | I17: 14.613567 | J17: Carts captured: 1 | M17: =COUNTIFS($B$5:$B$2000,B17,$C$5:$C$2000,C17)+COUNTIFS('PG Roster'!$B$5:$B$2000,B17,'PG Roster'!$C$5:$C$2000,C17) | N17: =IFERROR(INDEX('Known Players'!$C$5:$C$500,MATCH(B17&"|"&C17,'Known Players'!$F$5:$F$500,0)),"") | O17: =IFERROR(INDEX('Known Players'!$D$5:$D$500,MATCH(B17&"|"&C17,'Known Players'!$F$5:$F$500,0)),"") | P17: =IFERROR(INDEX('Known Players'!$G$5:$G$500,MATCH(B17&"|"&C17,'Known Players'!$F$5:$F$500,0)),"")
A18: 41 | B18: Player0132 | C18: ExampleWorld113 | D18: Alliance | E18: 4 | F18: 3 | G18: 10 | H18: 60.368827 | I18: 13.791567 | M18: =COUNTIFS($B$5:$B$2000,B18,$C$5:$C$2000,C18)+COUNTIFS('PG Roster'!$B$5:$B$2000,B18,'PG Roster'!$C$5:$C$2000,C18) | N18: =IFERROR(INDEX('Known Players'!$C$5:$C$500,MATCH(B18&"|"&C18,'Known Players'!$F$5:$F$500,0)),"") | O18: =IFERROR(INDEX('Known Players'!$D$5:$D$500,MATCH(B18&"|"&C18,'Known Players'!$F$5:$F$500,0)),"") | P18: =IFERROR(INDEX('Known Players'!$G$5:$G$500,MATCH(B18&"|"&C18,'Known Players'!$F$5:$F$500,0)),"")
A19: 41 | B19: Emberguard | C19: SandboxRealm | D19: Horde | E19: 1 | F19: 8 | G19: 4 | H19: 65.848827 | I19: 12.969567 | M19: =COUNTIFS($B$5:$B$2000,B19,$C$5:$C$2000,C19)+COUNTIFS('PG Roster'!$B$5:$B$2000,B19,'PG Roster'!$C$5:$C$2000,C19) | N19: =IFERROR(INDEX('Known Players'!$C$5:$C$500,MATCH(B19&"|"&C19,'Known Players'!$F$5:$F$500,0)),"") | O19: =IFERROR(INDEX('Known Players'!$D$5:$D$500,MATCH(B19&"|"&C19,'Known Players'!$F$5:$F$500,0)),"") | P19: =IFERROR(INDEX('Known Players'!$G$5:$G$500,MATCH(B19&"|"&C19,'Known Players'!$F$5:$F$500,0)),"")
A20: 41 | B20: Player0917 | C20: ExampleWorld017 | D20: Horde | E20: 10 | F20: 10 | G20: 7 | H20: 38.448827 | I20: 12.969567 | M20: =COUNTIFS($B$5:$B$2000,B20,$C$5:$C$2000,C20)+COUNTIFS('PG Roster'!$B$5:$B$2000,B20,'PG Roster'!$C$5:$C$2000,C20) | N20: =IFERROR(INDEX('Known Players'!$C$5:$C$500,MATCH(B20&"|"&C20,'Known Players'!$F$5:$F$500,0)),"") | O20: =IFERROR(INDEX('Known Players'!$D$5:$D$500,MATCH(B20&"|"&C20,'Known Players'!$F$5:$F$500,0)),"") | P20: =IFERROR(INDEX('Known Players'!$G$5:$G$500,MATCH(B20&"|"&C20,'Known Players'!$F$5:$F$500,0)),"")
A21: 41 | B21: Player0828 | C21: ExampleWorld179 | D21: Alliance | E21: 0 | F21: 10 | G21: 4 | H21: 87.768827 | I21: 12.147567 | M21: =COUNTIFS($B$5:$B$2000,B21,$C$5:$C$2000,C21)+COUNTIFS('PG Roster'!$B$5:$B$2000,B21,'PG Roster'!$C$5:$C$2000,C21) | N21: =IFERROR(INDEX('Known Players'!$C$5:$C$500,MATCH(B21&"|"&C21,'Known Players'!$F$5:$F$500,0)),"") | O21: =IFERROR(INDEX('Known Players'!$D$5:$D$500,MATCH(B21&"|"&C21,'Known Players'!$F$5:$F$500,0)),"") | P21: =IFERROR(INDEX('Known Players'!$G$5:$G$500,MATCH(B21&"|"&C21,'Known Players'!$F$5:$F$500,0)),"")
A22: 41 | B22: Player0318 | C22: ExampleWorld075 | D22: Alliance | E22: 4 | F22: 9 | G22: 5 | H22: 32.968827 | I22: 11.599567 | M22: =COUNTIFS($B$5:$B$2000,B22,$C$5:$C$2000,C22)+COUNTIFS('PG Roster'!$B$5:$B$2000,B22,'PG Roster'!$C$5:$C$2000,C22) | N22: =IFERROR(INDEX('Known Players'!$C$5:$C$500,MATCH(B22&"|"&C22,'Known Players'!$F$5:$F$500,0)),"") | O22: =IFERROR(INDEX('Known Players'!$D$5:$D$500,MATCH(B22&"|"&C22,'Known Players'!$F$5:$F$500,0)),"") | P22: =IFERROR(INDEX('Known Players'!$G$5:$G$500,MATCH(B22&"|"&C22,'Known Players'!$F$5:$F$500,0)),"")
A23: 41 | B23: Player0023 | C23: ExampleWorld017 | D23: Alliance | E23: 10 | F23: 3 | G23: 10 | H23: 18.994827 | I23: 11.599567 | M23: =COUNTIFS($B$5:$B$2000,B23,$C$5:$C$2000,C23)+COUNTIFS('PG Roster'!$B$5:$B$2000,B23,'PG Roster'!$C$5:$C$2000,C23) | N23: =IFERROR(INDEX('Known Players'!$C$5:$C$500,MATCH(B23&"|"&C23,'Known Players'!$F$5:$F$500,0)),"") | O23: =IFERROR(INDEX('Known Players'!$D$5:$D$500,MATCH(B23&"|"&C23,'Known Players'!$F$5:$F$500,0)),"") | P23: =IFERROR(INDEX('Known Players'!$G$5:$G$500,MATCH(B23&"|"&C23,'Known Players'!$F$5:$F$500,0)),"")
A24: 41 | B24: Player0646 | C24: ExampleWorld017 | D24: Horde | E24: 8 | F24: 10 | G24: 10 | H24: 46.668827 | I24: 10.777567 | M24: =COUNTIFS($B$5:$B$2000,B24,$C$5:$C$2000,C24)+COUNTIFS('PG Roster'!$B$5:$B$2000,B24,'PG Roster'!$C$5:$C$2000,C24) | N24: =IFERROR(INDEX('Known Players'!$C$5:$C$500,MATCH(B24&"|"&C24,'Known Players'!$F$5:$F$500,0)),"") | O24: =IFERROR(INDEX('Known Players'!$D$5:$D$500,MATCH(B24&"|"&C24,'Known Players'!$F$5:$F$500,0)),"") | P24: =IFERROR(INDEX('Known Players'!$G$5:$G$500,MATCH(B24&"|"&C24,'Known Players'!$F$5:$F$500,0)),"")
A25: 41 | B25: Player0456 | C25: ExampleWorld110 | D25: Horde | E25: 0 | F25: 6 | G25: 4 | H25: 7.760827 | I25: 9.407567 | J25: Carts captured: 1 | M25: =COUNTIFS($B$5:$B$2000,B25,$C$5:$C$2000,C25)+COUNTIFS('PG Roster'!$B$5:$B$2000,B25,'PG Roster'!$C$5:$C$2000,C25) | N25: =IFERROR(INDEX('Known Players'!$C$5:$C$500,MATCH(B25&"|"&C25,'Known Players'!$F$5:$F$500,0)),"") | O25: =IFERROR(INDEX('Known Players'!$D$5:$D$500,MATCH(B25&"|"&C25,'Known Players'!$F$5:$F$500,0)),"") | P25: =IFERROR(INDEX('Known Players'!$G$5:$G$500,MATCH(B25&"|"&C25,'Known Players'!$F$5:$F$500,0)),"")
A26: 41 | B26: Player0319 | C26: ExampleWorld179 | D26: Alliance | E26: 2 | F26: 9 | G26: 10 | H26: 38.448827 | I26: 9.133567 | M26: =COUNTIFS($B$5:$B$2000,B26,$C$5:$C$2000,C26)+COUNTIFS('PG Roster'!$B$5:$B$2000,B26,'PG Roster'!$C$5:$C$2000,C26) | N26: =IFERROR(INDEX('Known Players'!$C$5:$C$500,MATCH(B26&"|"&C26,'Known Players'!$F$5:$F$500,0)),"") | O26: =IFERROR(INDEX('Known Players'!$D$5:$D$500,MATCH(B26&"|"&C26,'Known Players'!$F$5:$F$500,0)),"") | P26: =IFERROR(INDEX('Known Players'!$G$5:$G$500,MATCH(B26&"|"&C26,'Known Players'!$F$5:$F$500,0)),"")
A27: 41 | B27: Player0910 | C27: ExampleWorld165 | D27: Horde | E27: 5 | F27: 4 | G27: 2 | H27: 20.912827 | I27: 6.941567 | M27: =COUNTIFS($B$5:$B$2000,B27,$C$5:$C$2000,C27)+COUNTIFS('PG Roster'!$B$5:$B$2000,B27,'PG Roster'!$C$5:$C$2000,C27) | N27: =IFERROR(INDEX('Known Players'!$C$5:$C$500,MATCH(B27&"|"&C27,'Known Players'!$F$5:$F$500,0)),"") | O27: =IFERROR(INDEX('Known Players'!$D$5:$D$500,MATCH(B27&"|"&C27,'Known Players'!$F$5:$F$500,0)),"") | P27: =IFERROR(INDEX('Known Players'!$G$5:$G$500,MATCH(B27&"|"&C27,'Known Players'!$F$5:$F$500,0)),"")
A28: 41 | B28: Player0213 | C28: ExampleWorld029 | D28: Horde | E28: 2 | F28: 1 | G28: 10 | H28: 21.186827 | I28: 5.297567 | J28: Carts captured: 2 | M28: =COUNTIFS($B$5:$B$2000,B28,$C$5:$C$2000,C28)+COUNTIFS('PG Roster'!$B$5:$B$2000,B28,'PG Roster'!$C$5:$C$2000,C28) | N28: =IFERROR(INDEX('Known Players'!$C$5:$C$500,MATCH(B28&"|"&C28,'Known Players'!$F$5:$F$500,0)),"") | O28: =IFERROR(INDEX('Known Players'!$D$5:$D$500,MATCH(B28&"|"&C28,'Known Players'!$F$5:$F$500,0)),"") | P28: =IFERROR(INDEX('Known Players'!$G$5:$G$500,MATCH(B28&"|"&C28,'Known Players'!$F$5:$F$500,0)),"")
A29: 41 | B29: Player0255 | C29: ExampleWorld003 | D29: Alliance | E29: 4 | F29: 5 | G29: 0 | H29: 22.556827 | I29: 5.297567 | M29: =COUNTIFS($B$5:$B$2000,B29,$C$5:$C$2000,C29)+COUNTIFS('PG Roster'!$B$5:$B$2000,B29,'PG Roster'!$C$5:$C$2000,C29) | N29: =IFERROR(INDEX('Known Players'!$C$5:$C$500,MATCH(B29&"|"&C29,'Known Players'!$F$5:$F$500,0)),"") | O29: =IFERROR(INDEX('Known Players'!$D$5:$D$500,MATCH(B29&"|"&C29,'Known Players'!$F$5:$F$500,0)),"") | P29: =IFERROR(INDEX('Known Players'!$G$5:$G$500,MATCH(B29&"|"&C29,'Known Players'!$F$5:$F$500,0)),"")
A30: 41 | B30: Player0705 | C30: ExampleWorld164 | D30: Alliance | E30: 0 | F30: 7 | G30: 2 | H30: 13.514827 | I30: 4.475567 | M30: =COUNTIFS($B$5:$B$2000,B30,$C$5:$C$2000,C30)+COUNTIFS('PG Roster'!$B$5:$B$2000,B30,'PG Roster'!$C$5:$C$2000,C30) | N30: =IFERROR(INDEX('Known Players'!$C$5:$C$500,MATCH(B30&"|"&C30,'Known Players'!$F$5:$F$500,0)),"") | O30: =IFERROR(INDEX('Known Players'!$D$5:$D$500,MATCH(B30&"|"&C30,'Known Players'!$F$5:$F$500,0)),"") | P30: =IFERROR(INDEX('Known Players'!$G$5:$G$500,MATCH(B30&"|"&C30,'Known Players'!$F$5:$F$500,0)),"")
A31: 41 | B31: Player0226 | C31: SandboxRealm | D31: Horde | E31: 7 | F31: 7 | G31: 5 | H31: 10.500827 | I31: 4.201567 | M31: =COUNTIFS($B$5:$B$2000,B31,$C$5:$C$2000,C31)+COUNTIFS('PG Roster'!$B$5:$B$2000,B31,'PG Roster'!$C$5:$C$2000,C31) | N31: =IFERROR(INDEX('Known Players'!$C$5:$C$500,MATCH(B31&"|"&C31,'Known Players'!$F$5:$F$500,0)),"") | O31: =IFERROR(INDEX('Known Players'!$D$5:$D$500,MATCH(B31&"|"&C31,'Known Players'!$F$5:$F$500,0)),"") | P31: =IFERROR(INDEX('Known Players'!$G$5:$G$500,MATCH(B31&"|"&C31,'Known Players'!$F$5:$F$500,0)),"")
A32: 41 | B32: Player0103 | C32: ExampleWorld164 | D32: Alliance | E32: 7 | F32: 10 | G32: 2 | H32: 52.148827 | I32: 3.653567 | M32: =COUNTIFS($B$5:$B$2000,B32,$C$5:$C$2000,C32)+COUNTIFS('PG Roster'!$B$5:$B$2000,B32,'PG Roster'!$C$5:$C$2000,C32) | N32: =IFERROR(INDEX('Known Players'!$C$5:$C$500,MATCH(B32&"|"&C32,'Known Players'!$F$5:$F$500,0)),"") | O32: =IFERROR(INDEX('Known Players'!$D$5:$D$500,MATCH(B32&"|"&C32,'Known Players'!$F$5:$F$500,0)),"") | P32: =IFERROR(INDEX('Known Players'!$G$5:$G$500,MATCH(B32&"|"&C32,'Known Players'!$F$5:$F$500,0)),"")
A33: 41 | B33: Player0553 | C33: ExampleWorld067 | D33: Alliance | E33: 4 | F33: 2 | G33: 7 | H33: 30.228827 | I33: 2.831567 | M33: =COUNTIFS($B$5:$B$2000,B33,$C$5:$C$2000,C33)+COUNTIFS('PG Roster'!$B$5:$B$2000,B33,'PG Roster'!$C$5:$C$2000,C33) | N33: =IFERROR(INDEX('Known Players'!$C$5:$C$500,MATCH(B33&"|"&C33,'Known Players'!$F$5:$F$500,0)),"") | O33: =IFERROR(INDEX('Known Players'!$D$5:$D$500,MATCH(B33&"|"&C33,'Known Players'!$F$5:$F$500,0)),"") | P33: =IFERROR(INDEX('Known Players'!$G$5:$G$500,MATCH(B33&"|"&C33,'Known Players'!$F$5:$F$500,0)),"")
A34: 41 | B34: Player0053 | C34: ExampleWorld159 | D34: Alliance | E34: 0 | F34: 10 | G34: 0 | H34: 1.351967 | I34: 0.529967 | M34: =COUNTIFS($B$5:$B$2000,B34,$C$5:$C$2000,C34)+COUNTIFS('PG Roster'!$B$5:$B$2000,B34,'PG Roster'!$C$5:$C$2000,C34) | N34: =IFERROR(INDEX('Known Players'!$C$5:$C$500,MATCH(B34&"|"&C34,'Known Players'!$F$5:$F$500,0)),"") | O34: =IFERROR(INDEX('Known Players'!$D$5:$D$500,MATCH(B34&"|"&C34,'Known Players'!$F$5:$F$500,0)),"") | P34: =IFERROR(INDEX('Known Players'!$G$5:$G$500,MATCH(B34&"|"&C34,'Known Players'!$F$5:$F$500,0)),"")
A35: 42 | B35: Player0914 | C35: ExampleWorld186 | D35: Horde | E35: 0 | F35: 6 | G35: 0 | H35: 0.590247 | I35: 22.011567 | M35: =COUNTIFS($B$5:$B$2000,B35,$C$5:$C$2000,C35)+COUNTIFS('PG Roster'!$B$5:$B$2000,B35,'PG Roster'!$C$5:$C$2000,C35) | N35: =IFERROR(INDEX('Known Players'!$C$5:$C$500,MATCH(B35&"|"&C35,'Known Players'!$F$5:$F$500,0)),"") | O35: =IFERROR(INDEX('Known Players'!$D$5:$D$500,MATCH(B35&"|"&C35,'Known Players'!$F$5:$F$500,0)),"") | P35: =IFERROR(INDEX('Known Players'!$G$5:$G$500,MATCH(B35&"|"&C35,'Known Players'!$F$5:$F$500,0)),"")
A36: 42 | B36: Mossweaver | C36: exampleworld001 | D36: Horde | E36: 0 | F36: 6 | G36: 0 | H36: 1.724607 | I36: 19.326367 | M36: =COUNTIFS($B$5:$B$2000,B36,$C$5:$C$2000,C36)+COUNTIFS('PG Roster'!$B$5:$B$2000,B36,'PG Roster'!$C$5:$C$2000,C36) | N36: =IFERROR(INDEX('Known Players'!$C$5:$C$500,MATCH(B36&"|"&C36,'Known Players'!$F$5:$F$500,0)),"") | O36: =IFERROR(INDEX('Known Players'!$D$5:$D$500,MATCH(B36&"|"&C36,'Known Players'!$F$5:$F$500,0)),"") | P36: =IFERROR(INDEX('Known Players'!$G$5:$G$500,MATCH(B36&"|"&C36,'Known Players'!$F$5:$F$500,0)),"")
A37: 42 | B37: Pebblebrew | C37: SandboxRealm | D37: Horde | E37: 7 | F37: 6 | G37: 0 | H37: 14.336827 | I37: 4.749567 | J37: Orbs: 1, VP: 292 | M37: =COUNTIFS($B$5:$B$2000,B37,$C$5:$C$2000,C37)+COUNTIFS('PG Roster'!$B$5:$B$2000,B37,'PG Roster'!$C$5:$C$2000,C37) | N37: =IFERROR(INDEX('Known Players'!$C$5:$C$500,MATCH(B37&"|"&C37,'Known Players'!$F$5:$F$500,0)),"") | O37: =IFERROR(INDEX('Known Players'!$D$5:$D$500,MATCH(B37&"|"&C37,'Known Players'!$F$5:$F$500,0)),"") | P37: =IFERROR(INDEX('Known Players'!$G$5:$G$500,MATCH(B37&"|"&C37,'Known Players'!$F$5:$F$500,0)),"")
A38: 42 | B38: Snowflare | C38: SandboxRealm | D38: Horde | E38: 0 | F38: 6 | G38: 0 | H38: 11.596827 | I38: 4.749567 | M38: =COUNTIFS($B$5:$B$2000,B38,$C$5:$C$2000,C38)+COUNTIFS('PG Roster'!$B$5:$B$2000,B38,'PG Roster'!$C$5:$C$2000,C38) | N38: =IFERROR(INDEX('Known Players'!$C$5:$C$500,MATCH(B38&"|"&C38,'Known Players'!$F$5:$F$500,0)),"") | O38: =IFERROR(INDEX('Known Players'!$D$5:$D$500,MATCH(B38&"|"&C38,'Known Players'!$F$5:$F$500,0)),"") | P38: =IFERROR(INDEX('Known Players'!$G$5:$G$500,MATCH(B38&"|"&C38,'Known Players'!$F$5:$F$500,0)),"")
A39: 42 | B39: Player0616 | C39: ExampleWorld146 | D39: Horde | E39: 0 | F39: 3 | G39: 4 | H39: 2.828827 | I39: 4.475567 | M39: =COUNTIFS($B$5:$B$2000,B39,$C$5:$C$2000,C39)+COUNTIFS('PG Roster'!$B$5:$B$2000,B39,'PG Roster'!$C$5:$C$2000,C39) | N39: =IFERROR(INDEX('Known Players'!$C$5:$C$500,MATCH(B39&"|"&C39,'Known Players'!$F$5:$F$500,0)),"") | O39: =IFERROR(INDEX('Known Players'!$D$5:$D$500,MATCH(B39&"|"&C39,'Known Players'!$F$5:$F$500,0)),"") | P39: =IFERROR(INDEX('Known Players'!$G$5:$G$500,MATCH(B39&"|"&C39,'Known Players'!$F$5:$F$500,0)),"")
A40: 42 | B40: Player0232 | C40: ExampleWorld132 | D40: Horde | E40: 7 | F40: 8 | G40: 7 | H40: 9.952827 | I40: 3.927567 | J40: VP: 20 | M40: =COUNTIFS($B$5:$B$2000,B40,$C$5:$C$2000,C40)+COUNTIFS('PG Roster'!$B$5:$B$2000,B40,'PG Roster'!$C$5:$C$2000,C40) | N40: =IFERROR(INDEX('Known Players'!$C$5:$C$500,MATCH(B40&"|"&C40,'Known Players'!$F$5:$F$500,0)),"") | O40: =IFERROR(INDEX('Known Players'!$D$5:$D$500,MATCH(B40&"|"&C40,'Known Players'!$F$5:$F$500,0)),"") | P40: =IFERROR(INDEX('Known Players'!$G$5:$G$500,MATCH(B40&"|"&C40,'Known Players'!$F$5:$F$500,0)),"")
A41: 42 | B41: Player0906 | C41: ExampleWorld075 | D41: Horde | E41: 0 | F41: 3 | G41: 4 | H41: 1.220447 | I41: 2.439747 | J41: Orbs: 2, VP: 340 | M41: =COUNTIFS($B$5:$B$2000,B41,$C$5:$C$2000,C41)+COUNTIFS('PG Roster'!$B$5:$B$2000,B41,'PG Roster'!$C$5:$C$2000,C41) | N41: =IFERROR(INDEX('Known Players'!$C$5:$C$500,MATCH(B41&"|"&C41,'Known Players'!$F$5:$F$500,0)),"") | O41: =IFERROR(INDEX('Known Players'!$D$5:$D$500,MATCH(B41&"|"&C41,'Known Players'!$F$5:$F$500,0)),"") | P41: =IFERROR(INDEX('Known Players'!$G$5:$G$500,MATCH(B41&"|"&C41,'Known Players'!$F$5:$F$500,0)),"")
A42: 42 | B42: Player0287 | C42: SandboxRealm | D42: Horde | E42: 6 | F42: 6 | G42: 0 | H42: 17.898827 | I42: 2.338367 | J42: VP: 90 | M42: =COUNTIFS($B$5:$B$2000,B42,$C$5:$C$2000,C42)+COUNTIFS('PG Roster'!$B$5:$B$2000,B42,'PG Roster'!$C$5:$C$2000,C42) | N42: =IFERROR(INDEX('Known Players'!$C$5:$C$500,MATCH(B42&"|"&C42,'Known Players'!$F$5:$F$500,0)),"") | O42: =IFERROR(INDEX('Known Players'!$D$5:$D$500,MATCH(B42&"|"&C42,'Known Players'!$F$5:$F$500,0)),"") | P42: =IFERROR(INDEX('Known Players'!$G$5:$G$500,MATCH(B42&"|"&C42,'Known Players'!$F$5:$F$500,0)),"")
A43: 42 | B43: Player0742 | C43: ExampleWorld118 | D43: Horde | E43: 2 | F43: 6 | G43: 0 | H43: 11.596827 | I43: 1.902707 | J43: Orbs: 1, VP: 428 | M43: =COUNTIFS($B$5:$B$2000,B43,$C$5:$C$2000,C43)+COUNTIFS('PG Roster'!$B$5:$B$2000,B43,'PG Roster'!$C$5:$C$2000,C43) | N43: =IFERROR(INDEX('Known Players'!$C$5:$C$500,MATCH(B43&"|"&C43,'Known Players'!$F$5:$F$500,0)),"") | O43: =IFERROR(INDEX('Known Players'!$D$5:$D$500,MATCH(B43&"|"&C43,'Known Players'!$F$5:$F$500,0)),"") | P43: =IFERROR(INDEX('Known Players'!$G$5:$G$500,MATCH(B43&"|"&C43,'Known Players'!$F$5:$F$500,0)),"")
A44: 42 | B44: Emberguard | C44: SandboxRealm | D44: Horde | E44: 10 | F44: 6 | G44: 0 | H44: 25.570827 | I44: 1.382107 | J44: Orbs: 1, VP: 386 | M44: =COUNTIFS($B$5:$B$2000,B44,$C$5:$C$2000,C44)+COUNTIFS('PG Roster'!$B$5:$B$2000,B44,'PG Roster'!$C$5:$C$2000,C44) | N44: =IFERROR(INDEX('Known Players'!$C$5:$C$500,MATCH(B44&"|"&C44,'Known Players'!$F$5:$F$500,0)),"") | O44: =IFERROR(INDEX('Known Players'!$D$5:$D$500,MATCH(B44&"|"&C44,'Known Players'!$F$5:$F$500,0)),"") | P44: =IFERROR(INDEX('Known Players'!$G$5:$G$500,MATCH(B44&"|"&C44,'Known Players'!$F$5:$F$500,0)),"")
A45: 42 | B45: Player0824 | C45: ExampleWorld019 | D45: Alliance | E45: 0 | F45: 7 | G45: 10 | H45: 0.656007 | I45: 16.257567 | J45: Orbs: 2, VP: 46 | M45: =COUNTIFS($B$5:$B$2000,B45,$C$5:$C$2000,C45)+COUNTIFS('PG Roster'!$B$5:$B$2000,B45,'PG Roster'!$C$5:$C$2000,C45) | N45: =IFERROR(INDEX('Known Players'!$C$5:$C$500,MATCH(B45&"|"&C45,'Known Players'!$F$5:$F$500,0)),"") | O45: =IFERROR(INDEX('Known Players'!$D$5:$D$500,MATCH(B45&"|"&C45,'Known Players'!$F$5:$F$500,0)),"") | P45: =IFERROR(INDEX('Known Players'!$G$5:$G$500,MATCH(B45&"|"&C45,'Known Players'!$F$5:$F$500,0)),"")
A46: 42 | B46: Player0549 | C46: ExampleWorld012 | D46: Alliance | E46: 0 | F46: 7 | G46: 4 | H46: 1.302647 | I46: 5.845567 | J46: Orbs: 1, VP: 22 | M46: =COUNTIFS($B$5:$B$2000,B46,$C$5:$C$2000,C46)+COUNTIFS('PG Roster'!$B$5:$B$2000,B46,'PG Roster'!$C$5:$C$2000,C46) | N46: =IFERROR(INDEX('Known Players'!$C$5:$C$500,MATCH(B46&"|"&C46,'Known Players'!$F$5:$F$500,0)),"") | O46: =IFERROR(INDEX('Known Players'!$D$5:$D$500,MATCH(B46&"|"&C46,'Known Players'!$F$5:$F$500,0)),"") | P46: =IFERROR(INDEX('Known Players'!$G$5:$G$500,MATCH(B46&"|"&C46,'Known Players'!$F$5:$F$500,0)),"")
A47: 42 | B47: Player0206 | C47: ExampleWorld009 | D47: Alliance | E47: 4 | F47: 2 | G47: 7 | H47: 15.706827 | I47: 2.831567 | J47: VP: 10 | M47: =COUNTIFS($B$5:$B$2000,B47,$C$5:$C$2000,C47)+COUNTIFS('PG Roster'!$B$5:$B$2000,B47,'PG Roster'!$C$5:$C$2000,C47) | N47: =IFERROR(INDEX('Known Players'!$C$5:$C$500,MATCH(B47&"|"&C47,'Known Players'!$F$5:$F$500,0)),"") | O47: =IFERROR(INDEX('Known Players'!$D$5:$D$500,MATCH(B47&"|"&C47,'Known Players'!$F$5:$F$500,0)),"") | P47: =IFERROR(INDEX('Known Players'!$G$5:$G$500,MATCH(B47&"|"&C47,'Known Players'!$F$5:$F$500,0)),"")
A48: 42 | B48: Player0615 | C48: ExampleWorld196 | D48: Alliance | E48: 7 | F48: 2 | G48: 7 | H48: 9.130827 | I48: 2.521947 | J48: VP: 20 | M48: =COUNTIFS($B$5:$B$2000,B48,$C$5:$C$2000,C48)+COUNTIFS('PG Roster'!$B$5:$B$2000,B48,'PG Roster'!$C$5:$C$2000,C48) | N48: =IFERROR(INDEX('Known Players'!$C$5:$C$500,MATCH(B48&"|"&C48,'Known Players'!$F$5:$F$500,0)),"") | O48: =IFERROR(INDEX('Known Players'!$D$5:$D$500,MATCH(B48&"|"&C48,'Known Players'!$F$5:$F$500,0)),"") | P48: =IFERROR(INDEX('Known Players'!$G$5:$G$500,MATCH(B48&"|"&C48,'Known Players'!$F$5:$F$500,0)),"")
A49: 42 | B49: Player0417 | C49: ExampleWorld050 | D49: Alliance | E49: 4 | F49: 7 | G49: 10 | H49: 9.130827 | I49: 1.749267 | J49: VP: 10 | M49: =COUNTIFS($B$5:$B$2000,B49,$C$5:$C$2000,C49)+COUNTIFS('PG Roster'!$B$5:$B$2000,B49,'PG Roster'!$C$5:$C$2000,C49) | N49: =IFERROR(INDEX('Known Players'!$C$5:$C$500,MATCH(B49&"|"&C49,'Known Players'!$F$5:$F$500,0)),"") | O49: =IFERROR(INDEX('Known Players'!$D$5:$D$500,MATCH(B49&"|"&C49,'Known Players'!$F$5:$F$500,0)),"") | P49: =IFERROR(INDEX('Known Players'!$G$5:$G$500,MATCH(B49&"|"&C49,'Known Players'!$F$5:$F$500,0)),"")
A50: 42 | B50: Player0800 | C50: ExampleWorld186 | D50: Alliance | E50: 0 | F50: 2 | G50: 7 | H50: 8.034827 | I50: 1.680767 | M50: =COUNTIFS($B$5:$B$2000,B50,$C$5:$C$2000,C50)+COUNTIFS('PG Roster'!$B$5:$B$2000,B50,'PG Roster'!$C$5:$C$2000,C50) | N50: =IFERROR(INDEX('Known Players'!$C$5:$C$500,MATCH(B50&"|"&C50,'Known Players'!$F$5:$F$500,0)),"") | O50: =IFERROR(INDEX('Known Players'!$D$5:$D$500,MATCH(B50&"|"&C50,'Known Players'!$F$5:$F$500,0)),"") | P50: =IFERROR(INDEX('Known Players'!$G$5:$G$500,MATCH(B50&"|"&C50,'Known Players'!$F$5:$F$500,0)),"")
A51: 42 | B51: Player0771 | C51: ExampleWorld019 | D51: Alliance | E51: 0 | F51: 7 | G51: 10 | H51: 11.048827 | I51: 0.834107 | M51: =COUNTIFS($B$5:$B$2000,B51,$C$5:$C$2000,C51)+COUNTIFS('PG Roster'!$B$5:$B$2000,B51,'PG Roster'!$C$5:$C$2000,C51) | N51: =IFERROR(INDEX('Known Players'!$C$5:$C$500,MATCH(B51&"|"&C51,'Known Players'!$F$5:$F$500,0)),"") | O51: =IFERROR(INDEX('Known Players'!$D$5:$D$500,MATCH(B51&"|"&C51,'Known Players'!$F$5:$F$500,0)),"") | P51: =IFERROR(INDEX('Known Players'!$G$5:$G$500,MATCH(B51&"|"&C51,'Known Players'!$F$5:$F$500,0)),"")
A52: 42 | B52: Player0517 | C52: ExampleWorld059 | D52: Alliance | E52: 0 | F52: 2 | G52: 7 | H52: 27.488827 | I52: 0.392967 | M52: =COUNTIFS($B$5:$B$2000,B52,$C$5:$C$2000,C52)+COUNTIFS('PG Roster'!$B$5:$B$2000,B52,'PG Roster'!$C$5:$C$2000,C52) | N52: =IFERROR(INDEX('Known Players'!$C$5:$C$500,MATCH(B52&"|"&C52,'Known Players'!$F$5:$F$500,0)),"") | O52: =IFERROR(INDEX('Known Players'!$D$5:$D$500,MATCH(B52&"|"&C52,'Known Players'!$F$5:$F$500,0)),"") | P52: =IFERROR(INDEX('Known Players'!$G$5:$G$500,MATCH(B52&"|"&C52,'Known Players'!$F$5:$F$500,0)),"")
A53: 43 | B53: Player0641 | C53: ExampleWorld195 | D53: Horde | E53: 0 | F53: 8 | G53: 0 | H53: 0 | I53: 159.01157 | M53: =COUNTIFS($B$5:$B$2000,B53,$C$5:$C$2000,C53)+COUNTIFS('PG Roster'!$B$5:$B$2000,B53,'PG Roster'!$C$5:$C$2000,C53) | N53: =IFERROR(INDEX('Known Players'!$C$5:$C$500,MATCH(B53&"|"&C53,'Known Players'!$F$5:$F$500,0)),"") | O53: =IFERROR(INDEX('Known Players'!$D$5:$D$500,MATCH(B53&"|"&C53,'Known Players'!$F$5:$F$500,0)),"") | P53: =IFERROR(INDEX('Known Players'!$G$5:$G$500,MATCH(B53&"|"&C53,'Known Players'!$F$5:$F$500,0)),"")
A54: 43 | B54: Mossweaver | C54: exampleworld001 | D54: Horde | E54: 0 | F54: 5 | G54: 3 | H54: 0.201167 | I54: 149.06537 | J54: Graveyards defended: 1 | M54: =COUNTIFS($B$5:$B$2000,B54,$C$5:$C$2000,C54)+COUNTIFS('PG Roster'!$B$5:$B$2000,B54,'PG Roster'!$C$5:$C$2000,C54) | N54: =IFERROR(INDEX('Known Players'!$C$5:$C$500,MATCH(B54&"|"&C54,'Known Players'!$F$5:$F$500,0)),"") | O54: =IFERROR(INDEX('Known Players'!$D$5:$D$500,MATCH(B54&"|"&C54,'Known Players'!$F$5:$F$500,0)),"") | P54: =IFERROR(INDEX('Known Players'!$G$5:$G$500,MATCH(B54&"|"&C54,'Known Players'!$F$5:$F$500,0)),"")
A55: 43 | B55: Player0362 | C55: ExampleWorld065 | D55: Horde | E55: 0 | F55: 0 | G55: 7 | H55: 6.390827 | I55: 52.151567 | M55: =COUNTIFS($B$5:$B$2000,B55,$C$5:$C$2000,C55)+COUNTIFS('PG Roster'!$B$5:$B$2000,B55,'PG Roster'!$C$5:$C$2000,C55) | N55: =IFERROR(INDEX('Known Players'!$C$5:$C$500,MATCH(B55&"|"&C55,'Known Players'!$F$5:$F$500,0)),"") | O55: =IFERROR(INDEX('Known Players'!$D$5:$D$500,MATCH(B55&"|"&C55,'Known Players'!$F$5:$F$500,0)),"") | P55: =IFERROR(INDEX('Known Players'!$G$5:$G$500,MATCH(B55&"|"&C55,'Known Players'!$F$5:$F$500,0)),"")
A56: 43 | B56: Player0061 | C56: ExampleWorld126 | D56: Horde | E56: 2 | F56: 8 | G56: 9 | H56: 41.188827 | I56: 25.025567 | M56: =COUNTIFS($B$5:$B$2000,B56,$C$5:$C$2000,C56)+COUNTIFS('PG Roster'!$B$5:$B$2000,B56,'PG Roster'!$C$5:$C$2000,C56) | N56: =IFERROR(INDEX('Known Players'!$C$5:$C$500,MATCH(B56&"|"&C56,'Known Players'!$F$5:$F$500,0)),"") | O56: =IFERROR(INDEX('Known Players'!$D$5:$D$500,MATCH(B56&"|"&C56,'Known Players'!$F$5:$F$500,0)),"") | P56: =IFERROR(INDEX('Known Players'!$G$5:$G$500,MATCH(B56&"|"&C56,'Known Players'!$F$5:$F$500,0)),"")
A57: 43 | B57: Player0536 | C57: ExampleWorld133 | D57: Horde | E57: 0 | F57: 8 | G57: 0 | H57: 15.706827 | I57: 21.463567 | M57: =COUNTIFS($B$5:$B$2000,B57,$C$5:$C$2000,C57)+COUNTIFS('PG Roster'!$B$5:$B$2000,B57,'PG Roster'!$C$5:$C$2000,C57) | N57: =IFERROR(INDEX('Known Players'!$C$5:$C$500,MATCH(B57&"|"&C57,'Known Players'!$F$5:$F$500,0)),"") | O57: =IFERROR(INDEX('Known Players'!$D$5:$D$500,MATCH(B57&"|"&C57,'Known Players'!$F$5:$F$500,0)),"") | P57: =IFERROR(INDEX('Known Players'!$G$5:$G$500,MATCH(B57&"|"&C57,'Known Players'!$F$5:$F$500,0)),"")
A58: 43 | B58: Player0357 | C58: PracticeRealm | D58: Horde | E58: 7 | F58: 2 | G58: 0 | H58: 35.708827 | I58: 20.641567 | J58: Towers defended: 1 | M58: =COUNTIFS($B$5:$B$2000,B58,$C$5:$C$2000,C58)+COUNTIFS('PG Roster'!$B$5:$B$2000,B58,'PG Roster'!$C$5:$C$2000,C58) | N58: =IFERROR(INDEX('Known Players'!$C$5:$C$500,MATCH(B58&"|"&C58,'Known Players'!$F$5:$F$500,0)),"") | O58: =IFERROR(INDEX('Known Players'!$D$5:$D$500,MATCH(B58&"|"&C58,'Known Players'!$F$5:$F$500,0)),"") | P58: =IFERROR(INDEX('Known Players'!$G$5:$G$500,MATCH(B58&"|"&C58,'Known Players'!$F$5:$F$500,0)),"")
A59: 43 | B59: Player0455 | C59: ExampleWorld048 | D59: Horde | E59: 0 | F59: 5 | G59: 9 | H59: 35.708827 | I59: 18.997567 | M59: =COUNTIFS($B$5:$B$2000,B59,$C$5:$C$2000,C59)+COUNTIFS('PG Roster'!$B$5:$B$2000,B59,'PG Roster'!$C$5:$C$2000,C59) | N59: =IFERROR(INDEX('Known Players'!$C$5:$C$500,MATCH(B59&"|"&C59,'Known Players'!$F$5:$F$500,0)),"") | O59: =IFERROR(INDEX('Known Players'!$D$5:$D$500,MATCH(B59&"|"&C59,'Known Players'!$F$5:$F$500,0)),"") | P59: =IFERROR(INDEX('Known Players'!$G$5:$G$500,MATCH(B59&"|"&C59,'Known Players'!$F$5:$F$500,0)),"")
A60: 43 | B60: Player0237 | C60: ExampleWorld104 | D60: Horde | E60: 0 | F60: 5 | G60: 7 | H60: 74.068827 | I60: 18.449567 | M60: =COUNTIFS($B$5:$B$2000,B60,$C$5:$C$2000,C60)+COUNTIFS('PG Roster'!$B$5:$B$2000,B60,'PG Roster'!$C$5:$C$2000,C60) | N60: =IFERROR(INDEX('Known Players'!$C$5:$C$500,MATCH(B60&"|"&C60,'Known Players'!$F$5:$F$500,0)),"") | O60: =IFERROR(INDEX('Known Players'!$D$5:$D$500,MATCH(B60&"|"&C60,'Known Players'!$F$5:$F$500,0)),"") | P60: =IFERROR(INDEX('Known Players'!$G$5:$G$500,MATCH(B60&"|"&C60,'Known Players'!$F$5:$F$500,0)),"")
A61: 43 | B61: Player0471 | C61: ExampleWorld181 | D61: Horde | E61: 0 | F61: 8 | G61: 10 | H61: 65.848827 | I61: 15.435567 | M61: =COUNTIFS($B$5:$B$2000,B61,$C$5:$C$2000,C61)+COUNTIFS('PG Roster'!$B$5:$B$2000,B61,'PG Roster'!$C$5:$C$2000,C61) | N61: =IFERROR(INDEX('Known Players'!$C$5:$C$500,MATCH(B61&"|"&C61,'Known Players'!$F$5:$F$500,0)),"") | O61: =IFERROR(INDEX('Known Players'!$D$5:$D$500,MATCH(B61&"|"&C61,'Known Players'!$F$5:$F$500,0)),"") | P61: =IFERROR(INDEX('Known Players'!$G$5:$G$500,MATCH(B61&"|"&C61,'Known Players'!$F$5:$F$500,0)),"")
A62: 43 | B62: Player0299 | C62: ExampleWorld170 | D62: Horde | E62: 0 | F62: 10 | G62: 3 | H62: 24.748827 | I62: 11.325567 | M62: =COUNTIFS($B$5:$B$2000,B62,$C$5:$C$2000,C62)+COUNTIFS('PG Roster'!$B$5:$B$2000,B62,'PG Roster'!$C$5:$C$2000,C62) | N62: =IFERROR(INDEX('Known Players'!$C$5:$C$500,MATCH(B62&"|"&C62,'Known Players'!$F$5:$F$500,0)),"") | O62: =IFERROR(INDEX('Known Players'!$D$5:$D$500,MATCH(B62&"|"&C62,'Known Players'!$F$5:$F$500,0)),"") | P62: =IFERROR(INDEX('Known Players'!$G$5:$G$500,MATCH(B62&"|"&C62,'Known Players'!$F$5:$F$500,0)),"")
A63: 43 | B63: Player0858 | C63: ExampleWorld150 | D63: Horde | E63: 7 | F63: 4 | G63: 8 | H63: 25.296827 | I63: 10.777567 | M63: =COUNTIFS($B$5:$B$2000,B63,$C$5:$C$2000,C63)+COUNTIFS('PG Roster'!$B$5:$B$2000,B63,'PG Roster'!$C$5:$C$2000,C63) | N63: =IFERROR(INDEX('Known Players'!$C$5:$C$500,MATCH(B63&"|"&C63,'Known Players'!$F$5:$F$500,0)),"") | O63: =IFERROR(INDEX('Known Players'!$D$5:$D$500,MATCH(B63&"|"&C63,'Known Players'!$F$5:$F$500,0)),"") | P63: =IFERROR(INDEX('Known Players'!$G$5:$G$500,MATCH(B63&"|"&C63,'Known Players'!$F$5:$F$500,0)),"")
A64: 43 | B64: Player0228 | C64: ExampleWorld017 | D64: Horde | E64: 0 | F64: 0 | G64: 2 | H64: 30.228827 | I64: 9.681567 | M64: =COUNTIFS($B$5:$B$2000,B64,$C$5:$C$2000,C64)+COUNTIFS('PG Roster'!$B$5:$B$2000,B64,'PG Roster'!$C$5:$C$2000,C64) | N64: =IFERROR(INDEX('Known Players'!$C$5:$C$500,MATCH(B64&"|"&C64,'Known Players'!$F$5:$F$500,0)),"") | O64: =IFERROR(INDEX('Known Players'!$D$5:$D$500,MATCH(B64&"|"&C64,'Known Players'!$F$5:$F$500,0)),"") | P64: =IFERROR(INDEX('Known Players'!$G$5:$G$500,MATCH(B64&"|"&C64,'Known Players'!$F$5:$F$500,0)),"")
A65: 43 | B65: Player0160 | C65: ExampleWorld098 | D65: Horde | E65: 0 | F65: 0 | G65: 4 | H65: 3.376827 | I65: 9.407567 | M65: =COUNTIFS($B$5:$B$2000,B65,$C$5:$C$2000,C65)+COUNTIFS('PG Roster'!$B$5:$B$2000,B65,'PG Roster'!$C$5:$C$2000,C65) | N65: =IFERROR(INDEX('Known Players'!$C$5:$C$500,MATCH(B65&"|"&C65,'Known Players'!$F$5:$F$500,0)),"") | O65: =IFERROR(INDEX('Known Players'!$D$5:$D$500,MATCH(B65&"|"&C65,'Known Players'!$F$5:$F$500,0)),"") | P65: =IFERROR(INDEX('Known Players'!$G$5:$G$500,MATCH(B65&"|"&C65,'Known Players'!$F$5:$F$500,0)),"")
A66: 43 | B66: Emberguard | C66: SandboxRealm | D66: Horde | E66: 0 | F66: 1 | G66: 7 | H66: 38.448827 | I66: 8.859567 | J66: Graveyards assaulted: 1 | M66: =COUNTIFS($B$5:$B$2000,B66,$C$5:$C$2000,C66)+COUNTIFS('PG Roster'!$B$5:$B$2000,B66,'PG Roster'!$C$5:$C$2000,C66) | N66: =IFERROR(INDEX('Known Players'!$C$5:$C$500,MATCH(B66&"|"&C66,'Known Players'!$F$5:$F$500,0)),"") | O66: =IFERROR(INDEX('Known Players'!$D$5:$D$500,MATCH(B66&"|"&C66,'Known Players'!$F$5:$F$500,0)),"") | P66: =IFERROR(INDEX('Known Players'!$G$5:$G$500,MATCH(B66&"|"&C66,'Known Players'!$F$5:$F$500,0)),"")
A67: 43 | B67: Snowflare | C67: SandboxRealm | D67: Horde | E67: 4 | F67: 7 | G67: 5 | H67: 14.062827 | I67: 8.585567 | M67: =COUNTIFS($B$5:$B$2000,B67,$C$5:$C$2000,C67)+COUNTIFS('PG Roster'!$B$5:$B$2000,B67,'PG Roster'!$C$5:$C$2000,C67) | N67: =IFERROR(INDEX('Known Players'!$C$5:$C$500,MATCH(B67&"|"&C67,'Known Players'!$F$5:$F$500,0)),"") | O67: =IFERROR(INDEX('Known Players'!$D$5:$D$500,MATCH(B67&"|"&C67,'Known Players'!$F$5:$F$500,0)),"") | P67: =IFERROR(INDEX('Known Players'!$G$5:$G$500,MATCH(B67&"|"&C67,'Known Players'!$F$5:$F$500,0)),"")
A68: 43 | B68: Player0427 | C68: ExampleWorld174 | D68: Horde | E68: 10 | F68: 4 | G68: 2 | H68: 30.228827 | I68: 8.311567 | J68: Graveyards assaulted: 1 | M68: =COUNTIFS($B$5:$B$2000,B68,$C$5:$C$2000,C68)+COUNTIFS('PG Roster'!$B$5:$B$2000,B68,'PG Roster'!$C$5:$C$2000,C68) | N68: =IFERROR(INDEX('Known Players'!$C$5:$C$500,MATCH(B68&"|"&C68,'Known Players'!$F$5:$F$500,0)),"") | O68: =IFERROR(INDEX('Known Players'!$D$5:$D$500,MATCH(B68&"|"&C68,'Known Players'!$F$5:$F$500,0)),"") | P68: =IFERROR(INDEX('Known Players'!$G$5:$G$500,MATCH(B68&"|"&C68,'Known Players'!$F$5:$F$500,0)),"")
A69: 43 | B69: Player0010 | C69: SandboxRealm | D69: Alliance | E69: 7 | F69: 5 | G69: 0 | H69: 4.746827 | I69: 186.41157 | M69: =COUNTIFS($B$5:$B$2000,B69,$C$5:$C$2000,C69)+COUNTIFS('PG Roster'!$B$5:$B$2000,B69,'PG Roster'!$C$5:$C$2000,C69) | N69: =IFERROR(INDEX('Known Players'!$C$5:$C$500,MATCH(B69&"|"&C69,'Known Players'!$F$5:$F$500,0)),"") | O69: =IFERROR(INDEX('Known Players'!$D$5:$D$500,MATCH(B69&"|"&C69,'Known Players'!$F$5:$F$500,0)),"") | P69: =IFERROR(INDEX('Known Players'!$G$5:$G$500,MATCH(B69&"|"&C69,'Known Players'!$F$5:$F$500,0)),"")
A70: 43 | B70: Player0776 | C70: ExampleWorld126 | D70: Alliance | E70: 0 | F70: 9 | G70: 4 | H70: 15.158827 | I70: 128.87157 | M70: =COUNTIFS($B$5:$B$2000,B70,$C$5:$C$2000,C70)+COUNTIFS('PG Roster'!$B$5:$B$2000,B70,'PG Roster'!$C$5:$C$2000,C70) | N70: =IFERROR(INDEX('Known Players'!$C$5:$C$500,MATCH(B70&"|"&C70,'Known Players'!$F$5:$F$500,0)),"") | O70: =IFERROR(INDEX('Known Players'!$D$5:$D$500,MATCH(B70&"|"&C70,'Known Players'!$F$5:$F$500,0)),"") | P70: =IFERROR(INDEX('Known Players'!$G$5:$G$500,MATCH(B70&"|"&C70,'Known Players'!$F$5:$F$500,0)),"")
A71: 43 | B71: Player0598 | C71: ExampleWorld188 | D71: Alliance | E71: 7 | F71: 7 | G71: 4 | H71: 10.500827 | I71: 95.991567 | M71: =COUNTIFS($B$5:$B$2000,B71,$C$5:$C$2000,C71)+COUNTIFS('PG Roster'!$B$5:$B$2000,B71,'PG Roster'!$C$5:$C$2000,C71) | N71: =IFERROR(INDEX('Known Players'!$C$5:$C$500,MATCH(B71&"|"&C71,'Known Players'!$F$5:$F$500,0)),"") | O71: =IFERROR(INDEX('Known Players'!$D$5:$D$500,MATCH(B71&"|"&C71,'Known Players'!$F$5:$F$500,0)),"") | P71: =IFERROR(INDEX('Known Players'!$G$5:$G$500,MATCH(B71&"|"&C71,'Known Players'!$F$5:$F$500,0)),"")
A72: 43 | B72: Player0624 | C72: ExampleWorld196 | D72: Alliance | E72: 4 | F72: 5 | G72: 0 | H72: 12.966827 | I72: 93.251567 | J72: Graveyards assaulted: 1, Towers assaulted: 1 | M72: =COUNTIFS($B$5:$B$2000,B72,$C$5:$C$2000,C72)+COUNTIFS('PG Roster'!$B$5:$B$2000,B72,'PG Roster'!$C$5:$C$2000,C72) | N72: =IFERROR(INDEX('Known Players'!$C$5:$C$500,MATCH(B72&"|"&C72,'Known Players'!$F$5:$F$500,0)),"") | O72: =IFERROR(INDEX('Known Players'!$D$5:$D$500,MATCH(B72&"|"&C72,'Known Players'!$F$5:$F$500,0)),"") | P72: =IFERROR(INDEX('Known Players'!$G$5:$G$500,MATCH(B72&"|"&C72,'Known Players'!$F$5:$F$500,0)),"")
A73: 43 | B73: Player0071 | C73: ExampleWorld133 | D73: Alliance | E73: 4 | F73: 10 | G73: 0 | H73: 2.828827 | I73: 76.811567 | M73: =COUNTIFS($B$5:$B$2000,B73,$C$5:$C$2000,C73)+COUNTIFS('PG Roster'!$B$5:$B$2000,B73,'PG Roster'!$C$5:$C$2000,C73) | N73: =IFERROR(INDEX('Known Players'!$C$5:$C$500,MATCH(B73&"|"&C73,'Known Players'!$F$5:$F$500,0)),"") | O73: =IFERROR(INDEX('Known Players'!$D$5:$D$500,MATCH(B73&"|"&C73,'Known Players'!$F$5:$F$500,0)),"") | P73: =IFERROR(INDEX('Known Players'!$G$5:$G$500,MATCH(B73&"|"&C73,'Known Players'!$F$5:$F$500,0)),"")
A74: 43 | B74: Player0058 | C74: ExampleWorld097 | D74: Alliance | E74: 0 | F74: 2 | G74: 0 | H74: 8.034827 | I74: 54.891567 | M74: =COUNTIFS($B$5:$B$2000,B74,$C$5:$C$2000,C74)+COUNTIFS('PG Roster'!$B$5:$B$2000,B74,'PG Roster'!$C$5:$C$2000,C74) | N74: =IFERROR(INDEX('Known Players'!$C$5:$C$500,MATCH(B74&"|"&C74,'Known Players'!$F$5:$F$500,0)),"") | O74: =IFERROR(INDEX('Known Players'!$D$5:$D$500,MATCH(B74&"|"&C74,'Known Players'!$F$5:$F$500,0)),"") | P74: =IFERROR(INDEX('Known Players'!$G$5:$G$500,MATCH(B74&"|"&C74,'Known Players'!$F$5:$F$500,0)),"")
A75: 43 | B75: Player0588 | C75: ExampleWorld138 | D75: Alliance | E75: 6 | F75: 7 | G75: 7 | H75: 137.08883 | I75: 35.711567 | M75: =COUNTIFS($B$5:$B$2000,B75,$C$5:$C$2000,C75)+COUNTIFS('PG Roster'!$B$5:$B$2000,B75,'PG Roster'!$C$5:$C$2000,C75) | N75: =IFERROR(INDEX('Known Players'!$C$5:$C$500,MATCH(B75&"|"&C75,'Known Players'!$F$5:$F$500,0)),"") | O75: =IFERROR(INDEX('Known Players'!$D$5:$D$500,MATCH(B75&"|"&C75,'Known Players'!$F$5:$F$500,0)),"") | P75: =IFERROR(INDEX('Known Players'!$G$5:$G$500,MATCH(B75&"|"&C75,'Known Players'!$F$5:$F$500,0)),"")
A76: 43 | B76: Player0469 | C76: ExampleWorld133 | D76: Alliance | E76: 2 | F76: 7 | G76: 0 | H76: 117.90883 | I76: 32.971567 | M76: =COUNTIFS($B$5:$B$2000,B76,$C$5:$C$2000,C76)+COUNTIFS('PG Roster'!$B$5:$B$2000,B76,'PG Roster'!$C$5:$C$2000,C76) | N76: =IFERROR(INDEX('Known Players'!$C$5:$C$500,MATCH(B76&"|"&C76,'Known Players'!$F$5:$F$500,0)),"") | O76: =IFERROR(INDEX('Known Players'!$D$5:$D$500,MATCH(B76&"|"&C76,'Known Players'!$F$5:$F$500,0)),"") | P76: =IFERROR(INDEX('Known Players'!$G$5:$G$500,MATCH(B76&"|"&C76,'Known Players'!$F$5:$F$500,0)),"")
A77: 43 | B77: Player0856 | C77: SandboxRealm | D77: Alliance | E77: 10 | F77: 2 | G77: 4 | H77: 219.28883 | I77: 22.559567 | M77: =COUNTIFS($B$5:$B$2000,B77,$C$5:$C$2000,C77)+COUNTIFS('PG Roster'!$B$5:$B$2000,B77,'PG Roster'!$C$5:$C$2000,C77) | N77: =IFERROR(INDEX('Known Players'!$C$5:$C$500,MATCH(B77&"|"&C77,'Known Players'!$F$5:$F$500,0)),"") | O77: =IFERROR(INDEX('Known Players'!$D$5:$D$500,MATCH(B77&"|"&C77,'Known Players'!$F$5:$F$500,0)),"") | P77: =IFERROR(INDEX('Known Players'!$G$5:$G$500,MATCH(B77&"|"&C77,'Known Players'!$F$5:$F$500,0)),"")
A78: 44 | B78: Player0601 | C78: ExampleWorld125 | D78: Horde | E78: 0 | F78: 9 | G78: 10 | H78: 27.488827 | I78: 131.61157 | M78: =COUNTIFS($B$5:$B$2000,B78,$C$5:$C$2000,C78)+COUNTIFS('PG Roster'!$B$5:$B$2000,B78,'PG Roster'!$C$5:$C$2000,C78) | N78: =IFERROR(INDEX('Known Players'!$C$5:$C$500,MATCH(B78&"|"&C78,'Known Players'!$F$5:$F$500,0)),"") | O78: =IFERROR(INDEX('Known Players'!$D$5:$D$500,MATCH(B78&"|"&C78,'Known Players'!$F$5:$F$500,0)),"") | P78: =IFERROR(INDEX('Known Players'!$G$5:$G$500,MATCH(B78&"|"&C78,'Known Players'!$F$5:$F$500,0)),"")
A79: 44 | B79: Player0826 | C79: ExampleWorld194 | D79: Horde | E79: 0 | F79: 4 | G79: 2 | H79: 20.090827 | I79: 112.43157 | J79: Carts captured: 2 | M79: =COUNTIFS($B$5:$B$2000,B79,$C$5:$C$2000,C79)+COUNTIFS('PG Roster'!$B$5:$B$2000,B79,'PG Roster'!$C$5:$C$2000,C79) | N79: =IFERROR(INDEX('Known Players'!$C$5:$C$500,MATCH(B79&"|"&C79,'Known Players'!$F$5:$F$500,0)),"") | O79: =IFERROR(INDEX('Known Players'!$D$5:$D$500,MATCH(B79&"|"&C79,'Known Players'!$F$5:$F$500,0)),"") | P79: =IFERROR(INDEX('Known Players'!$G$5:$G$500,MATCH(B79&"|"&C79,'Known Players'!$F$5:$F$500,0)),"")
A80: 44 | B80: Mossweaver | C80: exampleworld001 | D80: Horde | E80: 2 | F80: 2 | G80: 2 | H80: 8.528027 | I80: 112.45897 | M80: =COUNTIFS($B$5:$B$2000,B80,$C$5:$C$2000,C80)+COUNTIFS('PG Roster'!$B$5:$B$2000,B80,'PG Roster'!$C$5:$C$2000,C80) | N80: =IFERROR(INDEX('Known Players'!$C$5:$C$500,MATCH(B80&"|"&C80,'Known Players'!$F$5:$F$500,0)),"") | O80: =IFERROR(INDEX('Known Players'!$D$5:$D$500,MATCH(B80&"|"&C80,'Known Players'!$F$5:$F$500,0)),"") | P80: =IFERROR(INDEX('Known Players'!$G$5:$G$500,MATCH(B80&"|"&C80,'Known Players'!$F$5:$F$500,0)),"")
A81: 44 | B81: Player0894 | C81: ExampleWorld126 | D81: Horde | E81: 0 | F81: 10 | G81: 10 | H81: 123.38883 | I81: 30.231567 | M81: =COUNTIFS($B$5:$B$2000,B81,$C$5:$C$2000,C81)+COUNTIFS('PG Roster'!$B$5:$B$2000,B81,'PG Roster'!$C$5:$C$2000,C81) | N81: =IFERROR(INDEX('Known Players'!$C$5:$C$500,MATCH(B81&"|"&C81,'Known Players'!$F$5:$F$500,0)),"") | O81: =IFERROR(INDEX('Known Players'!$D$5:$D$500,MATCH(B81&"|"&C81,'Known Players'!$F$5:$F$500,0)),"") | P81: =IFERROR(INDEX('Known Players'!$G$5:$G$500,MATCH(B81&"|"&C81,'Known Players'!$F$5:$F$500,0)),"")
A82: 44 | B82: Player0747 | C82: ExampleWorld169 | D82: Horde | E82: 7 | F82: 3 | G82: 2 | H82: 43.928827 | I82: 25.573567 | M82: =COUNTIFS($B$5:$B$2000,B82,$C$5:$C$2000,C82)+COUNTIFS('PG Roster'!$B$5:$B$2000,B82,'PG Roster'!$C$5:$C$2000,C82) | N82: =IFERROR(INDEX('Known Players'!$C$5:$C$500,MATCH(B82&"|"&C82,'Known Players'!$F$5:$F$500,0)),"") | O82: =IFERROR(INDEX('Known Players'!$D$5:$D$500,MATCH(B82&"|"&C82,'Known Players'!$F$5:$F$500,0)),"") | P82: =IFERROR(INDEX('Known Players'!$G$5:$G$500,MATCH(B82&"|"&C82,'Known Players'!$F$5:$F$500,0)),"")
A83: 44 | B83: Player0228 | C83: ExampleWorld017 | D83: Horde | E83: 4 | F83: 1 | G83: 8 | H83: 52.148827 | I83: 22.011567 | J83: Carts captured: 1 | M83: =COUNTIFS($B$5:$B$2000,B83,$C$5:$C$2000,C83)+COUNTIFS('PG Roster'!$B$5:$B$2000,B83,'PG Roster'!$C$5:$C$2000,C83) | N83: =IFERROR(INDEX('Known Players'!$C$5:$C$500,MATCH(B83&"|"&C83,'Known Players'!$F$5:$F$500,0)),"") | O83: =IFERROR(INDEX('Known Players'!$D$5:$D$500,MATCH(B83&"|"&C83,'Known Players'!$F$5:$F$500,0)),"") | P83: =IFERROR(INDEX('Known Players'!$G$5:$G$500,MATCH(B83&"|"&C83,'Known Players'!$F$5:$F$500,0)),"")
A84: 44 | B84: Player0513 | C84: ExampleWorld070 | D84: Horde | E84: 7 | F84: 6 | G84: 0 | H84: 30.228827 | I84: 22.011567 | M84: =COUNTIFS($B$5:$B$2000,B84,$C$5:$C$2000,C84)+COUNTIFS('PG Roster'!$B$5:$B$2000,B84,'PG Roster'!$C$5:$C$2000,C84) | N84: =IFERROR(INDEX('Known Players'!$C$5:$C$500,MATCH(B84&"|"&C84,'Known Players'!$F$5:$F$500,0)),"") | O84: =IFERROR(INDEX('Known Players'!$D$5:$D$500,MATCH(B84&"|"&C84,'Known Players'!$F$5:$F$500,0)),"") | P84: =IFERROR(INDEX('Known Players'!$G$5:$G$500,MATCH(B84&"|"&C84,'Known Players'!$F$5:$F$500,0)),"")
A85: 44 | B85: Snowflare | C85: SandboxRealm | D85: Horde | E85: 5 | F85: 2 | G85: 2 | H85: 68.588827 | I85: 19.271567 | M85: =COUNTIFS($B$5:$B$2000,B85,$C$5:$C$2000,C85)+COUNTIFS('PG Roster'!$B$5:$B$2000,B85,'PG Roster'!$C$5:$C$2000,C85) | N85: =IFERROR(INDEX('Known Players'!$C$5:$C$500,MATCH(B85&"|"&C85,'Known Players'!$F$5:$F$500,0)),"") | O85: =IFERROR(INDEX('Known Players'!$D$5:$D$500,MATCH(B85&"|"&C85,'Known Players'!$F$5:$F$500,0)),"") | P85: =IFERROR(INDEX('Known Players'!$G$5:$G$500,MATCH(B85&"|"&C85,'Known Players'!$F$5:$F$500,0)),"")
A86: 44 | B86: Player0209 | C86: ExampleWorld075 | D86: Horde | E86: 0 | F86: 7 | G86: 7 | H86: 57.628827 | I86: 15.983567 | M86: =COUNTIFS($B$5:$B$2000,B86,$C$5:$C$2000,C86)+COUNTIFS('PG Roster'!$B$5:$B$2000,B86,'PG Roster'!$C$5:$C$2000,C86) | N86: =IFERROR(INDEX('Known Players'!$C$5:$C$500,MATCH(B86&"|"&C86,'Known Players'!$F$5:$F$500,0)),"") | O86: =IFERROR(INDEX('Known Players'!$D$5:$D$500,MATCH(B86&"|"&C86,'Known Players'!$F$5:$F$500,0)),"") | P86: =IFERROR(INDEX('Known Players'!$G$5:$G$500,MATCH(B86&"|"&C86,'Known Players'!$F$5:$F$500,0)),"")
A87: 44 | B87: Player0796 | C87: ExampleWorld174 | D87: Horde | E87: 8 | F87: 7 | G87: 8 | H87: 63.108827 | I87: 14.613567 | M87: =COUNTIFS($B$5:$B$2000,B87,$C$5:$C$2000,C87)+COUNTIFS('PG Roster'!$B$5:$B$2000,B87,'PG Roster'!$C$5:$C$2000,C87) | N87: =IFERROR(INDEX('Known Players'!$C$5:$C$500,MATCH(B87&"|"&C87,'Known Players'!$F$5:$F$500,0)),"") | O87: =IFERROR(INDEX('Known Players'!$D$5:$D$500,MATCH(B87&"|"&C87,'Known Players'!$F$5:$F$500,0)),"") | P87: =IFERROR(INDEX('Known Players'!$G$5:$G$500,MATCH(B87&"|"&C87,'Known Players'!$F$5:$F$500,0)),"")
A88: 44 | B88: Player0767 | C88: ExampleWorld120 | D88: Horde | E88: 1 | F88: 2 | G88: 5 | H88: 68.588827 | I88: 13.243567 | J88: Carts captured: 2 | M88: =COUNTIFS($B$5:$B$2000,B88,$C$5:$C$2000,C88)+COUNTIFS('PG Roster'!$B$5:$B$2000,B88,'PG Roster'!$C$5:$C$2000,C88) | N88: =IFERROR(INDEX('Known Players'!$C$5:$C$500,MATCH(B88&"|"&C88,'Known Players'!$F$5:$F$500,0)),"") | O88: =IFERROR(INDEX('Known Players'!$D$5:$D$500,MATCH(B88&"|"&C88,'Known Players'!$F$5:$F$500,0)),"") | P88: =IFERROR(INDEX('Known Players'!$G$5:$G$500,MATCH(B88&"|"&C88,'Known Players'!$F$5:$F$500,0)),"")
A89: 44 | B89: Emberguard | C89: SandboxRealm | D89: Horde | E89: 6 | F89: 6 | G89: 5 | H89: 90.508827 | I89: 12.147567 | M89: =COUNTIFS($B$5:$B$2000,B89,$C$5:$C$2000,C89)+COUNTIFS('PG Roster'!$B$5:$B$2000,B89,'PG Roster'!$C$5:$C$2000,C89) | N89: =IFERROR(INDEX('Known Players'!$C$5:$C$500,MATCH(B89&"|"&C89,'Known Players'!$F$5:$F$500,0)),"") | O89: =IFERROR(INDEX('Known Players'!$D$5:$D$500,MATCH(B89&"|"&C89,'Known Players'!$F$5:$F$500,0)),"") | P89: =IFERROR(INDEX('Known Players'!$G$5:$G$500,MATCH(B89&"|"&C89,'Known Players'!$F$5:$F$500,0)),"")
A90: 44 | B90: Player0507 | C90: ExampleWorld146 | D90: Horde | E90: 7 | F90: 2 | G90: 0 | H90: 26.118827 | I90: 11.051567 | J90: Carts captured: 1 | M90: =COUNTIFS($B$5:$B$2000,B90,$C$5:$C$2000,C90)+COUNTIFS('PG Roster'!$B$5:$B$2000,B90,'PG Roster'!$C$5:$C$2000,C90) | N90: =IFERROR(INDEX('Known Players'!$C$5:$C$500,MATCH(B90&"|"&C90,'Known Players'!$F$5:$F$500,0)),"") | O90: =IFERROR(INDEX('Known Players'!$D$5:$D$500,MATCH(B90&"|"&C90,'Known Players'!$F$5:$F$500,0)),"") | P90: =IFERROR(INDEX('Known Players'!$G$5:$G$500,MATCH(B90&"|"&C90,'Known Players'!$F$5:$F$500,0)),"")
A91: 44 | B91: Player0156 | C91: ExampleWorld196 | D91: Horde | E91: 5 | F91: 4 | G91: 2 | H91: 54.888827 | I91: 7.489567 | M91: =COUNTIFS($B$5:$B$2000,B91,$C$5:$C$2000,C91)+COUNTIFS('PG Roster'!$B$5:$B$2000,B91,'PG Roster'!$C$5:$C$2000,C91) | N91: =IFERROR(INDEX('Known Players'!$C$5:$C$500,MATCH(B91&"|"&C91,'Known Players'!$F$5:$F$500,0)),"") | O91: =IFERROR(INDEX('Known Players'!$D$5:$D$500,MATCH(B91&"|"&C91,'Known Players'!$F$5:$F$500,0)),"") | P91: =IFERROR(INDEX('Known Players'!$G$5:$G$500,MATCH(B91&"|"&C91,'Known Players'!$F$5:$F$500,0)),"")
A92: 44 | B92: Player0702 | C92: ExampleWorld174 | D92: Horde | E92: 2 | F92: 5 | G92: 2 | H92: 49.408827 | I92: 1.513627 | M92: =COUNTIFS($B$5:$B$2000,B92,$C$5:$C$2000,C92)+COUNTIFS('PG Roster'!$B$5:$B$2000,B92,'PG Roster'!$C$5:$C$2000,C92) | N92: =IFERROR(INDEX('Known Players'!$C$5:$C$500,MATCH(B92&"|"&C92,'Known Players'!$F$5:$F$500,0)),"") | O92: =IFERROR(INDEX('Known Players'!$D$5:$D$500,MATCH(B92&"|"&C92,'Known Players'!$F$5:$F$500,0)),"") | P92: =IFERROR(INDEX('Known Players'!$G$5:$G$500,MATCH(B92&"|"&C92,'Known Players'!$F$5:$F$500,0)),"")
A93: 44 | B93: Player0444 | C93: ExampleWorld196 | D93: Alliance | E93: 4 | F93: 2 | G93: 7 | H93: 10.500827 | I93: 123.39157 | M93: =COUNTIFS($B$5:$B$2000,B93,$C$5:$C$2000,C93)+COUNTIFS('PG Roster'!$B$5:$B$2000,B93,'PG Roster'!$C$5:$C$2000,C93) | N93: =IFERROR(INDEX('Known Players'!$C$5:$C$500,MATCH(B93&"|"&C93,'Known Players'!$F$5:$F$500,0)),"") | O93: =IFERROR(INDEX('Known Players'!$D$5:$D$500,MATCH(B93&"|"&C93,'Known Players'!$F$5:$F$500,0)),"") | P93: =IFERROR(INDEX('Known Players'!$G$5:$G$500,MATCH(B93&"|"&C93,'Known Players'!$F$5:$F$500,0)),"")
A94: 44 | B94: Player0174 | C94: ExampleWorld052 | D94: Alliance | E94: 7 | F94: 10 | G94: 5 | H94: 10.500827 | I94: 123.39157 | J94: Carts captured: 1 | M94: =COUNTIFS($B$5:$B$2000,B94,$C$5:$C$2000,C94)+COUNTIFS('PG Roster'!$B$5:$B$2000,B94,'PG Roster'!$C$5:$C$2000,C94) | N94: =IFERROR(INDEX('Known Players'!$C$5:$C$500,MATCH(B94&"|"&C94,'Known Players'!$F$5:$F$500,0)),"") | O94: =IFERROR(INDEX('Known Players'!$D$5:$D$500,MATCH(B94&"|"&C94,'Known Players'!$F$5:$F$500,0)),"") | P94: =IFERROR(INDEX('Known Players'!$G$5:$G$500,MATCH(B94&"|"&C94,'Known Players'!$F$5:$F$500,0)),"")
A95: 44 | B95: Player0043 | C95: ExampleWorld107 | D95: Alliance | E95: 0 | F95: 6 | G95: 5 | H95: 15.432827 | I95: 85.031567 | M95: =COUNTIFS($B$5:$B$2000,B95,$C$5:$C$2000,C95)+COUNTIFS('PG Roster'!$B$5:$B$2000,B95,'PG Roster'!$C$5:$C$2000,C95) | N95: =IFERROR(INDEX('Known Players'!$C$5:$C$500,MATCH(B95&"|"&C95,'Known Players'!$F$5:$F$500,0)),"") | O95: =IFERROR(INDEX('Known Players'!$D$5:$D$500,MATCH(B95&"|"&C95,'Known Players'!$F$5:$F$500,0)),"") | P95: =IFERROR(INDEX('Known Players'!$G$5:$G$500,MATCH(B95&"|"&C95,'Known Players'!$F$5:$F$500,0)),"")
A96: 44 | B96: Player0618 | C96: ExampleWorld164 | D96: Alliance | E96: 7 | F96: 6 | G96: 5 | H96: 82.288827 | I96: 32.971567 | M96: =COUNTIFS($B$5:$B$2000,B96,$C$5:$C$2000,C96)+COUNTIFS('PG Roster'!$B$5:$B$2000,B96,'PG Roster'!$C$5:$C$2000,C96) | N96: =IFERROR(INDEX('Known Players'!$C$5:$C$500,MATCH(B96&"|"&C96,'Known Players'!$F$5:$F$500,0)),"") | O96: =IFERROR(INDEX('Known Players'!$D$5:$D$500,MATCH(B96&"|"&C96,'Known Players'!$F$5:$F$500,0)),"") | P96: =IFERROR(INDEX('Known Players'!$G$5:$G$500,MATCH(B96&"|"&C96,'Known Players'!$F$5:$F$500,0)),"")
A97: 44 | B97: Player0440 | C97: ExampleWorld027 | D97: Alliance | E97: 2 | F97: 10 | G97: 0 | H97: 60.368827 | I97: 32.971567 | M97: =COUNTIFS($B$5:$B$2000,B97,$C$5:$C$2000,C97)+COUNTIFS('PG Roster'!$B$5:$B$2000,B97,'PG Roster'!$C$5:$C$2000,C97) | N97: =IFERROR(INDEX('Known Players'!$C$5:$C$500,MATCH(B97&"|"&C97,'Known Players'!$F$5:$F$500,0)),"") | O97: =IFERROR(INDEX('Known Players'!$D$5:$D$500,MATCH(B97&"|"&C97,'Known Players'!$F$5:$F$500,0)),"") | P97: =IFERROR(INDEX('Known Players'!$G$5:$G$500,MATCH(B97&"|"&C97,'Known Players'!$F$5:$F$500,0)),"")
A98: 44 | B98: Player0235 | C98: ExampleWorld144 | D98: Alliance | E98: 0 | F98: 6 | G98: 8 | H98: 101.46883 | I98: 30.231567 | M98: =COUNTIFS($B$5:$B$2000,B98,$C$5:$C$2000,C98)+COUNTIFS('PG Roster'!$B$5:$B$2000,B98,'PG Roster'!$C$5:$C$2000,C98) | N98: =IFERROR(INDEX('Known Players'!$C$5:$C$500,MATCH(B98&"|"&C98,'Known Players'!$F$5:$F$500,0)),"") | O98: =IFERROR(INDEX('Known Players'!$D$5:$D$500,MATCH(B98&"|"&C98,'Known Players'!$F$5:$F$500,0)),"") | P98: =IFERROR(INDEX('Known Players'!$G$5:$G$500,MATCH(B98&"|"&C98,'Known Players'!$F$5:$F$500,0)),"")
A99: 44 | B99: Player0809 | C99: ExampleWorld192 | D99: Alliance | E99: 0 | F99: 4 | G99: 2 | H99: 63.108827 | I99: 27.217567 | M99: =COUNTIFS($B$5:$B$2000,B99,$C$5:$C$2000,C99)+COUNTIFS('PG Roster'!$B$5:$B$2000,B99,'PG Roster'!$C$5:$C$2000,C99) | N99: =IFERROR(INDEX('Known Players'!$C$5:$C$500,MATCH(B99&"|"&C99,'Known Players'!$F$5:$F$500,0)),"") | O99: =IFERROR(INDEX('Known Players'!$D$5:$D$500,MATCH(B99&"|"&C99,'Known Players'!$F$5:$F$500,0)),"") | P99: =IFERROR(INDEX('Known Players'!$G$5:$G$500,MATCH(B99&"|"&C99,'Known Players'!$F$5:$F$500,0)),"")
A100: 44 | B100: Player0516 | C100: ExampleWorld164 | D100: Alliance | E100: 2 | F100: 1 | G100: 5 | H100: 46.668827 | I100: 23.655567 | M100: =COUNTIFS($B$5:$B$2000,B100,$C$5:$C$2000,C100)+COUNTIFS('PG Roster'!$B$5:$B$2000,B100,'PG Roster'!$C$5:$C$2000,C100) | N100: =IFERROR(INDEX('Known Players'!$C$5:$C$500,MATCH(B100&"|"&C100,'Known Players'!$F$5:$F$500,0)),"") | O100: =IFERROR(INDEX('Known Players'!$D$5:$D$500,MATCH(B100&"|"&C100,'Known Players'!$F$5:$F$500,0)),"") | P100: =IFERROR(INDEX('Known Players'!$G$5:$G$500,MATCH(B100&"|"&C100,'Known Players'!$F$5:$F$500,0)),"")
A101: 44 | B101: Player0016 | C101: ExampleWorld020 | D101: Alliance | E101: 4 | F101: 1 | G101: 8 | H101: 5.294827 | I101: 22.011567 | M101: =COUNTIFS($B$5:$B$2000,B101,$C$5:$C$2000,C101)+COUNTIFS('PG Roster'!$B$5:$B$2000,B101,'PG Roster'!$C$5:$C$2000,C101) | N101: =IFERROR(INDEX('Known Players'!$C$5:$C$500,MATCH(B101&"|"&C101,'Known Players'!$F$5:$F$500,0)),"") | O101: =IFERROR(INDEX('Known Players'!$D$5:$D$500,MATCH(B101&"|"&C101,'Known Players'!$F$5:$F$500,0)),"") | P101: =IFERROR(INDEX('Known Players'!$G$5:$G$500,MATCH(B101&"|"&C101,'Known Players'!$F$5:$F$500,0)),"")
...

Sheet FL Summary
A1: Dawnstalker — Summary
A2: All values calculate from the FL Matches tab.
A3: Stat | B3: Value
A4: Games | B4: =COUNTA('FL Matches'!$D$5:$D$1000)
A5: Wins | B5: =COUNTIF('FL Matches'!$G$5:$G$1000,"W")
A6: Losses | B6: =COUNTIF('FL Matches'!$G$5:$G$1000,"L")
A7: Win rate | B7: =IF(B4=0,0,B5/B4)
A8: Total killing blows | B8: =SUM('FL Matches'!$J$5:$J$1000)
A9: Total player0354 kills | B9: =SUM('FL Matches'!$K$5:$K$1000)
A10: Total damage (M) | B10: =SUM('FL Matches'!$M$5:$M$1000)
A11: Total healing (M) | B11: =SUM('FL Matches'!$N$5:$N$1000)
A12: Avg killing blows | B12: =AVERAGE('FL Matches'!$J$5:$J$1000)
A13: Avg player0354 kills | B13: =AVERAGE('FL Matches'!$K$5:$K$1000)
A14: Avg damage per game (M) | B14: =AVERAGE('FL Matches'!$M$5:$M$1000)
A15: Avg healing per game (M) | B15: =AVERAGE('FL Matches'!$N$5:$N$1000)
A16: Damage per minute (M), games with duration | B16: =SUMIFS('FL Matches'!$M$5:$M$1000,'FL Matches'!$F$5:$F$1000,">0")/(SUM('FL Matches'!$F$5:$F$1000)*1440)
A17: Best damage (M) | B17: =MAX('FL Matches'!$M$5:$M$1000)
A18: Best killing blows | B18: =MAX('FL Matches'!$J$5:$J$1000)
A19: Best player0354 kills | B19: =MAX('FL Matches'!$K$5:$K$1000)
A20: Games with deaths tracked | B20: =COUNT('FL Matches'!$L$5:$L$1000)
A21: Avg deaths (tracked games) | B21: =IF(B20=0,"",AVERAGE('FL Matches'!$L$5:$L$1000))
A22: Total honor | B22: =SUM('FL Matches'!$P$5:$P$1000)
A25: By map type
A26: Map type | B26: Games | C26: Wins | D26: Win rate | E26: Avg damage (M) | F26: Damage / min (M) | G26: Avg HKs
A27: Bases | B27: =COUNTIF('FL Matches'!$E$5:$E$1000,A27) | C27: =COUNTIFS('FL Matches'!$E$5:$E$1000,A27,'FL Matches'!$G$5:$G$1000,"W") | D27: =IF(B27=0,"",C27/B27) | E27: =IF(B27=0,"",SUMIFS('FL Matches'!$M$5:$M$1000,'FL Matches'!$E$5:$E$1000,A27)/B27) | F27: =IF(SUMIFS('FL Matches'!$F$5:$F$1000,'FL Matches'!$E$5:$E$1000,A27)=0,"",SUMIFS('FL Matches'!$M$5:$M$1000,'FL Matches'!$E$5:$E$1000,A27,'FL Matches'!$F$5:$F$1000,">0")/(SUMIFS('FL Matches'!$F$5:$F$1000,'FL Matches'!$E$5:$E$1000,A27)*1440)) | G27: =IF(B27=0,"",SUMIFS('FL Matches'!$K$5:$K$1000,'FL Matches'!$E$5:$E$1000,A27)/B27)
A28: Flag | B28: =COUNTIF('FL Matches'!$E$5:$E$1000,A28) | C28: =COUNTIFS('FL Matches'!$E$5:$E$1000,A28,'FL Matches'!$G$5:$G$1000,"W") | D28: =IF(B28=0,"",C28/B28) | E28: =IF(B28=0,"",SUMIFS('FL Matches'!$M$5:$M$1000,'FL Matches'!$E$5:$E$1000,A28)/B28) | F28: =IF(SUMIFS('FL Matches'!$F$5:$F$1000,'FL Matches'!$E$5:$E$1000,A28)=0,"",SUMIFS('FL Matches'!$M$5:$M$1000,'FL Matches'!$E$5:$E$1000,A28,'FL Matches'!$F$5:$F$1000,">0")/(SUMIFS('FL Matches'!$F$5:$F$1000,'FL Matches'!$E$5:$E$1000,A28)*1440)) | G28: =IF(B28=0,"",SUMIFS('FL Matches'!$K$5:$K$1000,'FL Matches'!$E$5:$E$1000,A28)/B28)
A29: Flag + Bases | B29: =COUNTIF('FL Matches'!$E$5:$E$1000,A29) | C29: =COUNTIFS('FL Matches'!$E$5:$E$1000,A29,'FL Matches'!$G$5:$G$1000,"W") | D29: =IF(B29=0,"",C29/B29) | E29: =IF(B29=0,"",SUMIFS('FL Matches'!$M$5:$M$1000,'FL Matches'!$E$5:$E$1000,A29)/B29) | F29: =IF(SUMIFS('FL Matches'!$F$5:$F$1000,'FL Matches'!$E$5:$E$1000,A29)=0,"",SUMIFS('FL Matches'!$M$5:$M$1000,'FL Matches'!$E$5:$E$1000,A29,'FL Matches'!$F$5:$F$1000,">0")/(SUMIFS('FL Matches'!$F$5:$F$1000,'FL Matches'!$E$5:$E$1000,A29)*1440)) | G29: =IF(B29=0,"",SUMIFS('FL Matches'!$K$5:$K$1000,'FL Matches'!$E$5:$E$1000,A29)/B29)
A30: Orbs | B30: =COUNTIF('FL Matches'!$E$5:$E$1000,A30) | C30: =COUNTIFS('FL Matches'!$E$5:$E$1000,A30,'FL Matches'!$G$5:$G$1000,"W") | D30: =IF(B30=0,"",C30/B30) | E30: =IF(B30=0,"",SUMIFS('FL Matches'!$M$5:$M$1000,'FL Matches'!$E$5:$E$1000,A30)/B30) | F30: =IF(SUMIFS('FL Matches'!$F$5:$F$1000,'FL Matches'!$E$5:$E$1000,A30)=0,"",SUMIFS('FL Matches'!$M$5:$M$1000,'FL Matches'!$E$5:$E$1000,A30,'FL Matches'!$F$5:$F$1000,">0")/(SUMIFS('FL Matches'!$F$5:$F$1000,'FL Matches'!$E$5:$E$1000,A30)*1440)) | G30: =IF(B30=0,"",SUMIFS('FL Matches'!$K$5:$K$1000,'FL Matches'!$E$5:$E$1000,A30)/B30)
A31: Carts | B31: =COUNTIF('FL Matches'!$E$5:$E$1000,A31) | C31: =COUNTIFS('FL Matches'!$E$5:$E$1000,A31,'FL Matches'!$G$5:$G$1000,"W") | D31: =IF(B31=0,"",C31/B31) | E31: =IF(B31=0,"",SUMIFS('FL Matches'!$M$5:$M$1000,'FL Matches'!$E$5:$E$1000,A31)/B31) | F31: =IF(SUMIFS('FL Matches'!$F$5:$F$1000,'FL Matches'!$E$5:$E$1000,A31)=0,"",SUMIFS('FL Matches'!$M$5:$M$1000,'FL Matches'!$E$5:$E$1000,A31,'FL Matches'!$F$5:$F$1000,">0")/(SUMIFS('FL Matches'!$F$5:$F$1000,'FL Matches'!$E$5:$E$1000,A31)*1440)) | G31: =IF(B31=0,"",SUMIFS('FL Matches'!$K$5:$K$1000,'FL Matches'!$E$5:$E$1000,A31)/B31)
A32: Azerite | B32: =COUNTIF('FL Matches'!$E$5:$E$1000,A32) | C32: =COUNTIFS('FL Matches'!$E$5:$E$1000,A32,'FL Matches'!$G$5:$G$1000,"W") | D32: =IF(B32=0,"",C32/B32) | E32: =IF(B32=0,"",SUMIFS('FL Matches'!$M$5:$M$1000,'FL Matches'!$E$5:$E$1000,A32)/B32) | F32: =IF(SUMIFS('FL Matches'!$F$5:$F$1000,'FL Matches'!$E$5:$E$1000,A32)=0,"",SUMIFS('FL Matches'!$M$5:$M$1000,'FL Matches'!$E$5:$E$1000,A32,'FL Matches'!$F$5:$F$1000,">0")/(SUMIFS('FL Matches'!$F$5:$F$1000,'FL Matches'!$E$5:$E$1000,A32)*1440)) | G32: =IF(B32=0,"",SUMIFS('FL Matches'!$K$5:$K$1000,'FL Matches'!$E$5:$E$1000,A32)/B32)
A33: Epic | B33: =COUNTIF('FL Matches'!$E$5:$E$1000,A33) | C33: =COUNTIFS('FL Matches'!$E$5:$E$1000,A33,'FL Matches'!$G$5:$G$1000,"W") | D33: =IF(B33=0,"",C33/B33) | E33: =IF(B33=0,"",SUMIFS('FL Matches'!$M$5:$M$1000,'FL Matches'!$E$5:$E$1000,A33)/B33) | F33: =IF(SUMIFS('FL Matches'!$F$5:$F$1000,'FL Matches'!$E$5:$E$1000,A33)=0,"",SUMIFS('FL Matches'!$M$5:$M$1000,'FL Matches'!$E$5:$E$1000,A33,'FL Matches'!$F$5:$F$1000,">0")/(SUMIFS('FL Matches'!$F$5:$F$1000,'FL Matches'!$E$5:$E$1000,A33)*1440)) | G33: =IF(B33=0,"",SUMIFS('FL Matches'!$K$5:$K$1000,'FL Matches'!$E$5:$E$1000,A33)/B33)

Sheet FL Matches
A1: Dawnstalker — Battleground Match Log
A2: Blue = entered data · Black = formulas. Games 1-19 from REFlex (10/09-10/11); games 20-21 from later scoreboards. PvP item level 331 = full honor gear.
A4: Game # | B4: Date | C4: Time | D4: Battleground | E4: Map type | F4: Duration | G4: Result | H4: Our score | I4: Enemy score | J4: KB | K4: HK | L4: Deaths | M4: Damage (M) | N4: Healing (M) | O4: Damage / min (M) | P4: Honor | Q4: Conquest | R4: Role | S4: Bases assaulted | T4: Bases defended | U4: Flag captures | V4: Flag returns | W4: Carts controlled | X4: Orb possessions | Y4: Victory points | Z4: Top Horde damage (M) | AA4: Damage share | AB4: Data source | AC4: Notes | AD4: Horde deaths | AE4: Alliance deaths | AF4: Healers (Horde vs Alliance) | AG4: Horde healing (M) | AH4: Alliance healing (M) | AI4: Premade on mains? | AJ4: Teammates on mains | AK4: PvP item level
A5: 1 | B5: 47765 | C5: 11:00 PM | D5: The Battle for Gilneas | E5: Bases | F5: 0.010555556 | G5: L | J5: 7 | K5: 10 | M5: 0.839587 | N5: 0.217607 | O5: =IF(OR(F5="",F5=0),"",M5/(F5*1440)) | P5: 335 | AA5: =IF(Z5="","",M5/Z5) | AB5: REFlex | AK5: 348
A6: 2 | B6: 47765 | C6: 11:13 PM | D6: Seething Shore | E6: Azerite | F6: 0.0061111111 | G6: L | J6: 0 | K6: 5 | M6: 2.491807 | N6: 0.565587 | O6: =IF(OR(F6="",F6=0),"",M6/(F6*1440)) | P6: 240 | AA6: =IF(Z6="","",M6/Z6) | AB6: REFlex | AK6: 348
A7: 3 | B7: 47766 | C7: 10:30 AM | D7: Deephaul Ravine | E7: Carts | F7: 0.0057986111 | G7: L | J7: 4 | K7: 3 | M7: 4.500227 | N7: 0.283367 | O7: =IF(OR(F7="",F7=0),"",M7/(F7*1440)) | P7: 140 | AA7: =IF(Z7="","",M7/Z7) | AB7: REFlex | AK7: 348
A8: 4 | B8: 47766 | C8: 11:40 AM | D8: Warsong Gulch | E8: Flag | F8: 0.0090740741 | G8: W | J8: 10 | K8: 3 | M8: 6.719627 | N8: 0.869727 | O8: =IF(OR(F8="",F8=0),"",M8/(F8*1440)) | P8: 714 | AA8: =IF(Z8="","",M8/Z8) | AB8: REFlex | AK8: 348
A9: 5 | B9: 47766 | C9: 12:00 PM | D9: Silvershard Mines | E9: Carts | F9: 0.0072106481 | G9: W | J9: 7 | K9: 7 | M9: 5.130427 | N9: 0.590247 | O9: =IF(OR(F9="",F9=0),"",M9/(F9*1440)) | P9: 416 | AA9: =IF(Z9="","",M9/Z9) | AB9: REFlex | AK9: 348
A10: 6 | B10: 47766 | C10: 12:17 PM | D10: Twin Peaks | E10: Flag | F10: 0.0072569444 | G10: L | J10: 7 | K10: 6 | M10: 3.322027 | N10: 0.582027 | O10: =IF(OR(F10="",F10=0),"",M10/(F10*1440)) | P10: 273 | AA10: =IF(Z10="","",M10/Z10) | AB10: REFlex | AK10: 348
A11: 7 | B11: 47766 | C11: 01:03 PM | D11: Eye of the Storm | E11: Flag + Bases | F11: 0.0082175926 | G11: W | J11: 2 | K11: 6 | M11: 4.308427 | N11: 0.332687 | O11: =IF(OR(F11="",F11=0),"",M11/(F11*1440)) | P11: 494 | AA11: =IF(Z11="","",M11/Z11) | AB11: REFlex | AK11: 348
A12: 8 | B12: 47766 | C12: 10:59 PM | D12: Arathi Basin | E12: Bases | F12: 0.010081019 | G12: L | J12: 4 | K12: 4 | M12: 14.967027 | N12: 0.990287 | O12: =IF(OR(F12="",F12=0),"",M12/(F12*1440)) | P12: 432 | AA12: =IF(Z12="","",M12/Z12) | AB12: REFlex | AC12: Synthetic example | AK12: 348
A13: 9 | B13: 47766 | C13: 11:02 PM | D13: Warsong Gulch | E13: Flag | F13: 0.0054166667 | G13: L | J13: 0 | K13: 3 | M13: 3.924827 | N13: 0.880687 | O13: =IF(OR(F13="",F13=0),"",M13/(F13*1440)) | P13: 277 | AA13: =IF(Z13="","",M13/Z13) | AB13: REFlex | AK13: 348
A14: 10 | B14: 47767 | C14: 03:28 AM | D14: Arathi Basin | E14: Bases | F14: 0.0097800926 | G14: L | J14: 2 | K14: 10 | M14: 47.984027 | N14: 5.324967 | O14: =IF(OR(F14="",F14=0),"",M14/(F14*1440)) | P14: 473 | AA14: =IF(Z14="","",M14/Z14) | AB14: REFlex | AC14: Synthetic example | AK14: 348
A15: 11 | B15: 47767 | C15: 03:52 AM | D15: Warsong Gulch | E15: Flag | F15: 0.010416667 | G15: L | J15: 4 | K15: 5 | M15: 23.077427 | N15: 3.324767 | O15: =IF(OR(F15="",F15=0),"",M15/(F15*1440)) | P15: 401 | AA15: =IF(Z15="","",M15/Z15) | AB15: REFlex | AK15: 348
A16: 12 | B16: 47767 | C16: 04:03 AM | D16: Arathi Basin | E16: Bases | F16: 0.0041782407 | G16: L | J16: 4 | K16: 10 | M16: 18.008427 | N16: 2.752107 | O16: =IF(OR(F16="",F16=0),"",M16/(F16*1440)) | P16: 314 | AA16: =IF(Z16="","",M16/Z16) | AB16: REFlex | AC16: Synthetic example | AK16: 348
A17: 13 | B17: 47767 | C17: 08:21 AM | D17: Arathi Basin | E17: Bases | F17: 0.010659722 | G17: W | J17: 5 | K17: 5 | M17: 20.748427 | N17: 4.475567 | O17: =IF(OR(F17="",F17=0),"",M17/(F17*1440)) | P17: 975 | AA17: =IF(Z17="","",M17/Z17) | AB17: REFlex | AC17: Synthetic example | AK17: 348
A18: 14 | B18: 47767 | C18: 08:33 AM | D18: Temple of Kotmogu | E18: Orbs | F18: 0.0033449074 | G18: L | H18: 255 | I18: 1517 | J18: 0 | K18: 4 | L18: 2 | M18: 11.624227 | N18: 2.826087 | O18: =IF(OR(F18="",F18=0),"",M18/(F18*1440)) | P18: 191 | X18: 0 | Y18: 0 | Z18: 27 | AA18: =IF(Z18="","",M18/Z18) | AB18: REFlex + scoreboard | AC18: Synthetic example | AI18: No | AJ18: 1 of 2 (raid frames + visible roster) | AK18: 348
A19: 15 | B19: 47767 | C19: 08:50 AM | D19: Arathi Basin | E19: Bases | F19: 0.007337963 | G19: L | H19: 329 | I19: 1517 | J19: 2 | K19: 10 | L19: 10 | M19: 23.378827 | N19: 2.247947 | O19: =IF(OR(F19="",F19=0),"",M19/(F19*1440)) | P19: 352 | Z19: 33 | AA19: =IF(Z19="","",M19/Z19) | AB19: REFlex + scoreboard | AC19: Synthetic example | AI19: No | AJ19: 1 of 2 (raid frames + visible roster) | AK19: 348
A20: 16 | B20: 47767 | C20: 09:12 AM | D20: Eye of the Storm | E20: Flag + Bases | F20: 0.010625 | G20: L | J20: 4 | K20: 0 | M20: 36.010227 | N20: 4.174167 | O20: =IF(OR(F20="",F20=0),"",M20/(F20*1440)) | P20: 434 | AA20: =IF(Z20="","",M20/Z20) | AB20: REFlex | AK20: 348
A21: 17 | B21: 47767 | C21: 09:38 AM | D21: Arathi Basin | E21: Bases | F21: 0.011342593 | G21: L | H21: 1446 | I21: 1517 | J21: 7 | K21: 8 | L21: 4 | M21: 35.982827 | N21: 5.078367 | O21: =IF(OR(F21="",F21=0),"",M21/(F21*1440)) | P21: 535 | Z21: 45 | AA21: =IF(Z21="","",M21/Z21) | AB21: REFlex + scoreboard | AC21: Synthetic example | AI21: No | AJ21: 1 of 1 (visible roster) | AK21: 348
A22: 18 | B22: 47767 | C22: 09:55 AM | D22: Twin Peaks | E22: Flag | F22: 0.0043634259 | G22: L | J22: 0 | K22: 7 | M22: 9.815827 | N22: 0.836847 | O22: =IF(OR(F22="",F22=0),"",M22/(F22*1440)) | P22: 308 | AA22: =IF(Z22="","",M22/Z22) | AB22: REFlex | AK22: 348
A23: 19 | B23: 47767 | C23: 04:20 PM | D23: Battle for Wintergrasp | E23: Epic | F23: 0.014594907 | G23: L | J23: 0 | K23: 0 | M23: 35.106027 | N23: 1.883527 | O23: =IF(OR(F23="",F23=0),"",M23/(F23*1440)) | P23: 504 | AA23: =IF(Z23="","",M23/Z23) | AB23: REFlex | AK23: 348
A24: 20 | B24: 47768 | C24: 06:31 PM | D24: The Battle for Gilneas | E24: Bases | F24: 0.0085300926 | G24: W | J24: 10 | K24: 0 | M24: 14.665627 | N24: 2.239727 | O24: =IF(OR(F24="",F24=0),"",M24/(F24*1440)) | P24: 877 | AA24: =IF(Z24="","",M24/Z24) | AB24: REFlex | AC24: Synthetic example | AK24: 348
A25: 21 | B25: 47768 | C25: 06:51 PM | D25: The Battle for Gilneas | E25: Bases | F25: 0.0061574074 | G25: L | J25: 10 | K25: 7 | M25: 22.228027 | N25: 1.606787 | O25: =IF(OR(F25="",F25=0),"",M25/(F25*1440)) | P25: 352 | AA25: =IF(Z25="","",M25/Z25) | AB25: REFlex | AC25: Synthetic example | AK25: 348
A26: 22 | B26: 47768 | C26: 07:03 PM | D26: Seething Shore | E26: Azerite | F26: 0.0056712963 | G26: L | J26: 0 | K26: 10 | M26: 13.788827 | N26: 4.037167 | O26: =IF(OR(F26="",F26=0),"",M26/(F26*1440)) | P26: 273 | AA26: =IF(Z26="","",M26/Z26) | AB26: REFlex | AC26: Synthetic example | AK26: 348
A27: 23 | B27: 47773 | C27: 07:08 AM | D27: The Battle for Gilneas | E27: Bases | F27: 0.0083217593 | G27: W | H27: 1517 | I27: 550 | J27: 8 | K27: 5 | L27: 4 | M27: 27.982027 | N27: 3.900167 | O27: =IF(OR(F27="",F27=0),"",M27/(F27*1440)) | P27: 1311 | Q27: 97 | Z27: 41 | AA27: =IF(Z27="","",M27/Z27) | AB27: Scoreboard + REFlex | AC27: Synthetic example | AK27: 348
A28: 24 | B28: 47773 | C28: 07:22 AM | D28: Eye of the Storm | E28: Flag + Bases | F28: 0.0070138889 | G28: L | H28: 577 | I28: 1517 | J28: 4 | K28: 2 | L28: 2 | M28: 23.241827 | N28: 5.270167 | O28: =IF(OR(F28="",F28=0),"",M28/(F28*1440)) | P28: 354 | Q28: 0 | Z28: 42 | AA28: =IF(Z28="","",M28/Z28) | AB28: Scoreboard + REFlex | AC28: Synthetic example | AK28: 348
A29: 25 | B29: 47777 | C29: 06:46 PM | D29: Temple of Kotmogu | E29: Orbs | F29: 0.0049768519 | G29: L | H29: 459 | I29: 1517 | J29: 7 | K29: 3 | L29: 8 | M29: 13.323027 | N29: 1.686247 | O29: =IF(OR(F29="",F29=0),"",M29/(F29*1440)) | P29: 243 | Q29: 0 | R29: Orb carrier + team fights | X29: 19 | Y29: 81 | Z29: 32 | AA29: =IF(Z29="","",M29/Z29) | AB29: Scoreboard (full roster) + REFlex + PvP Ledger | AC29: Synthetic example | AD29: 65 | AE29: 27 | AF29: 2 vs 1 | AG29: 71.89 | AH29: 77.6 | AI29: No | AJ29: 1 of 2 (full roster) | AK29: 348

Sheet FL Arena
A1: Dawnstalker — Arena Log
A2: From REFlex (10/10-10/17). All 27 REFlex arena games captured as of 10/21.
A4: # | B4: Date | C4: Time | D4: Arena | E4: Bracket | F4: Result | G4: Shuffle rounds | H4: Team MMR | I4: Enemy MMR | J4: Duration | K4: Damage (M) | L4: Healing (M) | M4: Rating change | N4: Notes
A5: 1 | B5: 47766 | C5: 07:04 PM | D5: DS | E5: 2v2 skirmish | F5: W | J5: 0.0020949074 | K5: 0.617647 | L5: 0 | N5: Synthetic example
A6: 2 | B6: 47766 | C6: 07:09 PM | D6: HP | E6: 2v2 skirmish | F6: W | J6: 0.00050925926 | K6: 0.450507 | L6: 0
A7: 3 | B7: 47766 | C7: 07:16 PM | D7: M | E7: 2v2 skirmish | F7: W | J7: 0.00040509259 | K7: 0.754647 | L7: 0
A8: 4 | B8: 47766 | C8: 07:23 PM | D8: AF | E8: 2v2 skirmish | F8: L | J8: 0.0012847222 | K8: 2.639767 | L8: 0.239527
A9: 5 | B9: 47766 | C9: 11:13 PM | D9: NPG | E9: 3v3 skirmish | F9: W | J9: 0.0042013889 | K9: 30.475427 | L9: 0
A10: 6 | B10: 47767 | C10: 12:29 AM | D10: TA | E10: 2v2 skirmish | F10: L | J10: 0.00068287037 | K10: 2.001347 | L10: 0
A11: 7 | B11: 47767 | C11: 12:35 AM | D11: TTP | E11: 2v2 skirmish | F11: L | J11: 0.00078703704 | K11: 1.554727 | L11: 0.809447
A12: 8 | B12: 47767 | C12: 02:38 AM | D12: CoC | E12: 2v2 skirmish | F12: W | J12: 0.00028935185 | K12: 1.595827 | L12: 0.092647
A13: 9 | B13: 47767 | C13: 02:46 AM | D13: RoL | E13: 2v2 skirmish | F13: L | J13: 0.00030092593 | K13: 0.316247 | L13: 0
A14: 10 | B14: 47767 | C14: 02:52 AM | D14: M | E14: 2v2 skirmish | F14: L | J14: 0.00090277778 | K14: 1.697207 | L14: 0.746427
A15: 11 | B15: 47767 | C15: 03:08 AM | D15: M | E15: Solo Shuffle | G15: 1-5 (as displayed) | H15: 1905 | I15: 1696 | K15: 46.038627 | L15: 5.982567 | M15: 113 | N15: Synthetic example
A16: 12 | B16: 47767 | C16: 03:56 PM | D16: TR | E16: 2v2 skirmish | F16: L | J16: 0.00054398148 | K16: 3.568627 | L16: 0.908087
A17: 13 | B17: 47767 | C17: 04:00 PM | D17: M | E17: 2v2 skirmish | F17: W | J17: 0.00033564815 | K17: 2.327407 | L17: 0
A18: 14 | B18: 47767 | C18: 04:22 PM | D18: DS | E18: 2v2 skirmish | F18: L | J18: 0.00025462963 | K18: 0.239527 | L18: 0.09286
A19: 15 | B19: 47767 | C19: 04:25 PM | D19: RoL | E19: 2v2 skirmish | F19: L | J19: 0.00055555556 | K19: 1.387587 | L19: 0.888907
A20: 16 | B20: 47767 | C20: 04:30 PM | D20: NA | E20: 2v2 skirmish | F20: L | J20: 0.00049768519 | K20: 2.206847 | L20: 0.823147
A21: 17 | B21: 47767 | C21: 04:33 PM | D21: AF | E21: 2v2 skirmish | F21: L | J21: 0.00021990741 | K21: 0.121707 | L21: 0
A22: 18 | B22: 47767 | C22: 04:37 PM | D22: EC | E22: 2v2 skirmish | F22: W | J22: 0.00040509259 | K22: 2.275347 | L22: 0.683407
A23: 19 | B23: 47767 | C23: 04:41 PM | D23: NPG | E23: 2v2 skirmish | F23: L | J23: 0.00032407407 | K23: 0.439547 | L23: 0
A24: 20 | B24: 47768 | C24: 06:15 PM | D24: HP | E24: 2v2 skirmish | F24: L | J24: 0.00052083333 | K24: 2.579487 | L24: 0.705327
A25: 21 | B25: 47769 | C25: 03:44 AM | D25: NPG | E25: 2v2 skirmish | F25: L | J25: 0.00054398148 | K25: 2.437007 | L25: 0.743687
A26: 22 | B26: 47769 | C26: 03:49 AM | D26: NPG | E26: 2v2 skirmish | F26: L | J26: 0.0010300926 | K26: 7.925227 | L26: 0.825887
A27: 23 | B27: 47769 | C27: 03:55 AM | D27: HP | E27: 3v3 skirmish | F27: L | J27: 0.0015393519 | K27: 11.651627 | L27: 0.727247
... A30: 26 | B30: 47773 | C30: 06:53 AM | D30: DS | E30: 3v3 skirmish | F30: L | J30: 0.0034490741 | K30: 31.407027 | L30: 2.516467
A31: 27 | B31: 47773 | C31: 10:27 PM | D31: BRHA | E31: Solo Shuffle | G31: 1-5 (as displayed) | H31: 1398 | I31: 1409 | K31: 23.406227 | L31: 1.817767 | M31: 96 | N31: Synthetic example
A33: Skirmish record | B33: =COUNTIF(F5:F31,"W")&"-"&COUNTIF(F5:F31,"L")
A34: Avg duration of losses | B34: =AVERAGEIF(F5:F31,"L",J5:J31)

Sheet Known Players
A1: Known Players – characters linked to people
A2: Add a row for any character you recognize. The Roster tabs look up the Person and Group columns automatically.
A4: Character | B4: Realm | C4: Person | D4: Group | E4: Notes | F4: Lookup key | G4: Status
A5: Mossweaver | B5: exampleworld001 | C5: Me | D5: You | E5: Holy Priest main | F5: =A5&"|"&B5 | G5: Established
A6: Asterknight | B6: exampleworld001 | C6: Me | D6: You | E6: Retribution Paladin | F6: =A6&"|"&B6 | G6: New
A7: Dawnstalker | B7: exampleworld001 | C7: Me | D7: You | E7: Beast Mastery Hunter | F7: =A7&"|"&B7 | G7: New
A8: Skyarrow | B8: exampleworld001 | C8: Me | D8: You | E8: Balance Druid (boomie) | F8: =A8&"|"&B8 | G8: New
A9: Pebblebrew | B9: SandboxRealm | C9: Buddy B | D9: Your premade | E9: Affliction Warlock; usual shot caller | F9: =A9&"|"&B9 | G9: Established
A10: Thornpaw | B10: SandboxRealm | C10: Buddy B | D10: Your premade | E10: Player0724 Priest | F10: =A10&"|"&B10 | G10: New
A11: Emberguard | B11: SandboxRealm | C11: Buddy A | D11: Your premade | E11: Marksmanship Hunter | F11: =A11&"|"&B11 | G11: Established
A12: Emberblade | B12: SandboxRealm | C12: Buddy A | D12: Your premade | E12: Guardian Druid | F12: =A12&"|"&B12 | G12: Established
A13: Emberward | B13: SandboxRealm | C13: Buddy A | D13: Your premade | E13: Assassination Rogue (likely); leveling | F13: =A13&"|"&B13 | G13: New
A14: Snowflare | B14: SandboxRealm | C14: Buddy C | D14: Your premade | E14: Balance Druid; Buddy C's alt | F14: =A14&"|"&B14 | G14: New
A15: Raincaller | B15: SandboxRealm | C15: Buddy C | D15: Your premade | E15: Death Knight. Realm assumed SandboxRealm; verify | F15: =A15&"|"&B15 | G15: Established
